Product Code,Title,Supplier Name,Supplier Reference,Status,From Price (USD),Rating,Review Count,Duration (Mins),Canonical Viator URL,FareHarbor Match Status,FareHarbor Operator,FareHarbor Shortname,FareHarbor Item ID,FareHarbor Flow ID,Match Evidence / Notes
"3780STEAMDIN","New Orleans Steamboat Natchez Jazz Cruise with Dinner Option","Gray Line New Orleans","SUPPLIER-AIVIONkKdK8JLCRg2obcyw==","ACTIVE","58","4.1356225","8155","","https://www.viator.com/tours/New-Orleans/Steamboat-Natchez-Jazz-Dinner-Cruise/d675-3780STEAMDIN?mcid=42383&pid=P00306962&medium=api&api_version=2.0","both-confirmed","Gray Line New Orleans / New Orleans Steamboat Co.","neworleanssteamboatcompany","","","Direct item match: FH ID 'evening-jazz-cruise' on 'neworleanssteamboatcompany' (Item: vessel-flow, Flow: direct)"
"3780STEAM","New Orleans Steamboat Natchez Jazz Cruise","Gray Line New Orleans","SUPPLIER-AIVIONkKdK8JLCRg2obcyw==","ACTIVE","36.97","4.263553","5995","","https://www.viator.com/tours/New-Orleans/Steamboat-Natchez-Harbor-Cruise/d675-3780STEAM?mcid=42383&pid=P00306962&medium=api&api_version=2.0","both-confirmed","Gray Line New Orleans / New Orleans Steamboat Co.","neworleanssteamboatcompany","","","Direct item match: FH ID 'daytime-jazz-cruise' on 'neworleanssteamboatcompany' (Item: vessel-flow, Flow: direct)"
"5889GHOST","New Orleans Premier Ghost, Voodoo and Vampire Walking Tour","Witches Brew Tours","SUPPLIER-O7HfB6f8jsdGQRyiBv89ZQ==","ACTIVE","36.99","4.549075","13734","","https://www.viator.com/tours/New-Orleans/New-Orleans-Haunted-Walking-Tour-Ghosts-Vampires-Witchcraft-and-Voodoo/d675-5889GHOST?mcid=42383&pid=P00306962&medium=api&api_version=2.0","viator-only","","","","","Live on Viator; not present in current FareHarbor inventory."
"6455NOLAAIR","New Orleans Airboat Ride","Airboat Adventures","SUPPLIER-7eNlteakiwgCVdiaT3VQkg==","ACTIVE","50","4.7069097","5210","","https://www.viator.com/tours/New-Orleans/New-Orleans-Airboat-Ride/d675-6455NOLAAIR?mcid=42383&pid=P00306962&medium=api&api_version=2.0","viator-only","","","","","Live on Viator; not present in current FareHarbor inventory."
"15200P5","New Orleans Swamp Tour Boat Adventure","Louisiana Tour company","SUPPLIER-8uzrrU87wFWL6UuPGaaAkw==","ACTIVE","35","4.852113","2272","","https://www.viator.com/tours/New-Orleans/New-Orleans-Swamp-Tour-Boat-Adventure/d675-15200P5?mcid=42383&pid=P00306962&medium=api&api_version=2.0","viator-only","","","","","Live on Viator; not present in current FareHarbor inventory."
"360446P1","Airboat Swamp Tour","Ragin Cajun Swamp Tours, LLC","SUPPLIER-MMapcC0R+BSJH6rxktuBiQ==","ACTIVE","67","4.9014087","355","","https://www.viator.com/tours/Louisiana/Airboat-Swamp-Tours/d22168-360446P1?mcid=42383&pid=P00306962&medium=api&api_version=2.0","both-confirmed","Ragin Cajun Tours","ragincajuntours","590176","392449","Direct item match: FH ID 'ragincajun-covered-boat' (Item: 590176, Flow: 392449)"
"60593P4","St. Louis Cemetery No. 1 Official Walking Tour","Basin St. Station","SUPPLIER-LHawVLZ6Xvy//cF9Y0JEKQ==","ACTIVE","25","4.629717","4664","","https://www.viator.com/tours/New-Orleans/Insiders-Tour-of-St-Louis-Cemetery-1-A-walk-among-New-Orleans-historic-tombs/d675-60593P4?mcid=42383&pid=P00306962&medium=api&api_version=2.0","viator-only","","","","","Live on Viator; not present in current FareHarbor inventory."
"175552P1","Adults-Only New Orleans Ghost, Crime, Voodoo, and Vampire Tour","Hottest Hell Tours - Adults Only","SUPPLIER-capbir9Rey9vQ3F5w0nO2Q==","ACTIVE","37","4.7497535","7093","","https://www.viator.com/tours/New-Orleans/New-Orleans-Supernatural-and-Dark-History-Tour/d675-175552P1?mcid=42383&pid=P00306962&medium=api&api_version=2.0","viator-only","","","","","Live on Viator; not present in current FareHarbor inventory."
"15200P6","New Orleans Swamp Tour Boat Adventure with Transportation","Louisiana Tour company","SUPPLIER-8uzrrU87wFWL6UuPGaaAkw==","ACTIVE","60","4.832184","1305","","https://www.viator.com/tours/New-Orleans/New-Orleans-Swamp-Tour-Boat-Adventure-With-Pickup/d675-15200P6?mcid=42383&pid=P00306962&medium=api&api_version=2.0","viator-only","","","","","Live on Viator; not present in current FareHarbor inventory."
"6205FOODNOLA","New Orleans Food Walking Tour of the French Quarter with Small-Group Option","Destination Kitchen","SUPPLIER-5Q+tEMqLTG5mM2OnOIZUCQ==","ACTIVE","82","4.830242","6686","","https://www.viator.com/tours/New-Orleans/New-Orleans-Food-Walking-Tour-of-the-French-Quarter/d675-6205FOODNOLA?mcid=42383&pid=P00306962&medium=api&api_version=2.0","viator-only","","","","","Live on Viator; not present in current FareHarbor inventory."
"3780P45","New Orleans 75-Minute Riverboat Sightseeing Cruise","Gray Line New Orleans","SUPPLIER-AIVIONkKdK8JLCRg2obcyw==","ACTIVE","25.75","4.170886","158","","https://www.viator.com/tours/New-Orleans/Mardi-Gras-Jazz-Brunch-Cruise/d675-3780P45?mcid=42383&pid=P00306962&medium=api&api_version=2.0","possible-match-needs-review","Gray Line New Orleans / New Orleans Steamboat Co.","neworleanssteamboatcompany","","","Operator is on FareHarbor under 'neworleanssteamboatcompany', but this specific tour code is not yet item-mapped."
"6953SWAMPTRANS","New Orleans Swamp and Bayou Boat Tour with Transportation","Cajun Encounters Tour Co.","SUPPLIER-Ls68Tv9wCH9YKPX1YdQD0g==","ACTIVE","75.52","4.9142256","7100","","https://www.viator.com/tours/New-Orleans/Honey-Island-Swamp-Tour-With-Transport/d675-6953SWAMPTRANS?mcid=42383&pid=P00306962&medium=api&api_version=2.0","possible-match-needs-review","","","","","Active on Viator (supplier ref SUPPLIER-Ls68Tv9wCH9YKPX1YdQD0g==); NO active FareHarbor item/flow ID configured in repository."
"15200P7","New Orleans City Tour: French Quarter, Garden District & Cemetery","Louisiana Tour company","SUPPLIER-8uzrrU87wFWL6UuPGaaAkw==","ACTIVE","40","4.750998","2755","","https://www.viator.com/tours/New-Orleans/New-Orleans-City-Tour-Katrina-Garden-District-French-Quarter-Graveyard/d675-15200P7?mcid=42383&pid=P00306962&medium=api&api_version=2.0","viator-only","","","","","Live on Viator; not present in current FareHarbor inventory."
"88100P3","Paddlewheeler Creole Queen Jazz Dinner Cruise in New Orleans","New Orleans Paddlewheels Inc.","SUPPLIER-HDHqlDdA6BooDyAZ8Jnt1w==","ACTIVE","60","4.1468573","1607","","https://www.viator.com/tours/New-Orleans/2-Hour-Mississippi-River-Dinner-Jazz-Cruise-on-the-Paddlewheeler-Creole-Queen/d675-88100P3?mcid=42383&pid=P00306962&medium=api&api_version=2.0","viator-only","","","","","Live on Viator; not present in current FareHarbor inventory."
"3780SWPL","Swamp Boat Ride and Oak Alley Plantation Tour from New Orleans","Gray Line New Orleans","SUPPLIER-AIVIONkKdK8JLCRg2obcyw==","ACTIVE","131","4.7619996","3521","","https://www.viator.com/tours/New-Orleans/Swamp-Boat-Ride-and-Southern-Plantation-Tour-from-New-Orleans/d675-3780SWPL?mcid=42383&pid=P00306962&medium=api&api_version=2.0","both-confirmed","Gray Line New Orleans / New Orleans Steamboat Co.","neworleanssteamboatcompany","562191","1220421","Direct item match: FH ID 'swamp-boat-oak-alley-combo' on 'neworleanssteamboatcompany' (Item: 562191, Flow: 1220421)"
"5694NOHOHO","New Orleans City Sightseeing Hop-On Hop-Off Bus Tour","City Sightseeing Ltd - USA and Middle East","SUPPLIER-HXu8YufbT9ClIPgc4sbujA==","ACTIVE","51","4.321497","5210","","https://www.viator.com/tours/New-Orleans/City-Sightseeing-New-Orleans-Hop-On-Hop-Off-Tour/d675-5694NOHOHO?mcid=42383&pid=P00306962&medium=api&api_version=2.0","viator-only","","","","","Live on Viator; not present in current FareHarbor inventory."
"15200P4","Small-Group Airboat Swamp Tour with Downtown New Orleans Pickup","Louisiana Tour company","SUPPLIER-8uzrrU87wFWL6UuPGaaAkw==","ACTIVE","115","4.9079547","1760","","https://www.viator.com/tours/New-Orleans/Small-Group-Swamp-Tour-by-Airboat-With-Downtown-New-Orleans-Pickup/d675-15200P4?mcid=42383&pid=P00306962&medium=api&api_version=2.0","viator-only","","","","","Live on Viator; not present in current FareHarbor inventory."
"424316P2","Audubon Aquarium and Insectarium Ticket","Audubon Nature Institute Inc.","SUPPLIER-hh2Rlyj99zddvHino4J2GA==","ACTIVE","42.77","4.405128","195","","https://www.viator.com/tours/New-Orleans/Audubon-Aquarium-Ticket/d675-424316P2?mcid=42383&pid=P00306962&medium=api&api_version=2.0","viator-only","","","","","Live on Viator; not present in current FareHarbor inventory."
"15200P2","Large Airboat Swamp Tour with Transportation from New Orleans","Louisiana Tour company","SUPPLIER-8uzrrU87wFWL6UuPGaaAkw==","ACTIVE","90","4.906743","2091","","https://www.viator.com/tours/New-Orleans/Large-Airboat-Swamp-Tour-with-Hotel-Pickup/d675-15200P2?mcid=42383&pid=P00306962&medium=api&api_version=2.0","viator-only","","","","","Live on Viator; not present in current FareHarbor inventory."
"24382P16","New Orleans Sightseeing City Tour","New Orleans Ghost Adventures","SUPPLIER-47KZT6ihrq1jS9v+gTOO6A==","ACTIVE","59","4.7923846","3309","","https://www.viator.com/tours/New-Orleans/New-Orleans-Sightseeing-City-Tour/d675-24382P16?mcid=42383&pid=P00306962&medium=api&api_version=2.0","viator-only","","","","","Live on Viator; not present in current FareHarbor inventory."
"24382P6","After Dark Haunted New Orleans City and Cemetery Bus Tour","New Orleans Ghost Adventures","SUPPLIER-47KZT6ihrq1jS9v+gTOO6A==","ACTIVE","56","4.7208805","1863","","https://www.viator.com/tours/New-Orleans/Cemetery-Bus-Tour-in-New-Orleans/d675-24382P6?mcid=42383&pid=P00306962&medium=api&api_version=2.0","viator-only","","","","","Live on Viator; not present in current FareHarbor inventory."
"310145P1","New Orleans Zipline Swamp Tour","Zip NOLA","SUPPLIER-4wQ7zoWU1VnjeTuQWoIdRA==","ACTIVE","89","4.9589305","1047","","https://www.viator.com/tours/New-Orleans/New-Orleans-Zipline-Swamp-Tour/d675-310145P1?mcid=42383&pid=P00306962&medium=api&api_version=2.0","viator-only","","","","","Live on Viator; not present in current FareHarbor inventory."
"64332P4","Cemetery and Ghost BYOB Bus Tour in New Orleans","NOLA GhostRiders","SUPPLIER-ODu+cYHhAXmF5xbqwDTQ2A==","ACTIVE","30","4.4887166","2836","","https://www.viator.com/tours/New-Orleans/Night-Cemetery-and-Ghost-BYOB-Bus-Tour-in-New-Orleans/d675-64332P4?mcid=42383&pid=P00306962&medium=api&api_version=2.0","viator-only","","","","","Live on Viator; not present in current FareHarbor inventory."
"24382P3","New Orleans Ghost Tour: Go Inside a Haunted Location","New Orleans Ghost Adventures","SUPPLIER-47KZT6ihrq1jS9v+gTOO6A==","ACTIVE","37","4.567256","1301","","https://www.viator.com/tours/New-Orleans/Ghost-Adventures-Haunted-Houses-Tour/d675-24382P3?mcid=42383&pid=P00306962&medium=api&api_version=2.0","viator-only","","","","","Live on Viator; not present in current FareHarbor inventory."
"33024P6","New Orleans Small-Group Haunted History Carriage Tour","Royal Carriages","SUPPLIER-GFEZgDj16HUVM/uVIs0KjQ==","ACTIVE","65","4.574031","2580","","https://www.viator.com/tours/New-Orleans/History-and-Haunts-Carriage-Tour/d675-33024P6?mcid=42383&pid=P00306962&medium=api&api_version=2.0","viator-only","","","","","Live on Viator; not present in current FareHarbor inventory."
"3108P2","New Orleans Hands-On Cooking Class with Meal","New Orleans School of Cooking","SUPPLIER-SQYKtDbUF9Tqhlbx1NW9wQ==","ACTIVE","168","4.9380665","1324","","https://www.viator.com/tours/New-Orleans/New-Orleans-Hands-On-Cooking-Class/d675-3108P2?mcid=42383&pid=P00306962&medium=api&api_version=2.0","viator-only","","","","","Live on Viator; not present in current FareHarbor inventory."
"6484NOLAFOOD","New Orleans Food and History Walking Tour","Doctor Gumbo Tours","SUPPLIER-uhTuEGs0R00a22vvRVDMHg==","ACTIVE","85","4.896901","1678","","https://www.viator.com/tours/New-Orleans/New-Orleans-Food-and-History-Tour/d675-6484NOLAFOOD?mcid=42383&pid=P00306962&medium=api&api_version=2.0","viator-only","","","","","Live on Viator; not present in current FareHarbor inventory."
"68135P2","Whitney Plantation Tour from New Orleans with Pickup","Legendary Tours INC","SUPPLIER-kGNFyuOmz8pCC8XPGO1Vvg==","ACTIVE","79","4.7741046","363","","https://www.viator.com/tours/New-Orleans/Whitney-Plantation-Tour/d675-68135P2?mcid=42383&pid=P00306962&medium=api&api_version=2.0","viator-only","","","","","Live on Viator; not present in current FareHarbor inventory."
"3780P91","Swamp Boat Ride and Whitney Plantation Tour from New Orleans","Gray Line New Orleans","SUPPLIER-AIVIONkKdK8JLCRg2obcyw==","ACTIVE","131","4.885714","35","","https://www.viator.com/tours/New-Orleans/Swamp-Boat-Ride-and-Whitney-Plantation-Tour-from-New-Orleans/d675-3780P91?mcid=42383&pid=P00306962&medium=api&api_version=2.0","both-confirmed","Gray Line New Orleans / New Orleans Steamboat Co.","neworleanssteamboatcompany","670738","1220421","Direct item match: FH ID 'swamp-boat-whitney-combo' on 'neworleanssteamboatcompany' (Item: 670738, Flow: 1220421)"
"3780P41","Whitney Plantation Tour with Transportation from New Orleans","Gray Line New Orleans","SUPPLIER-AIVIONkKdK8JLCRg2obcyw==","ACTIVE","89","4.6230187","1451","","https://www.viator.com/tours/New-Orleans/Whitney-Plantation-Tour/d675-3780P41?mcid=42383&pid=P00306962&medium=api&api_version=2.0","both-confirmed","Gray Line New Orleans / New Orleans Steamboat Co.","neworleanssteamboatcompany","561539","1578687","Direct item match: FH ID 'whitney-plantation-tour' on 'neworleanssteamboatcompany' (Item: 561539, Flow: 1578687)"
"24382P7","Haunted Pub Crawl in New Orleans","New Orleans Ghost Adventures","SUPPLIER-47KZT6ihrq1jS9v+gTOO6A==","ACTIVE","37","4.5074625","2211","","https://www.viator.com/tours/New-Orleans/Haunted-Pub-Crawl-in-New-Orleans/d675-24382P7?mcid=42383&pid=P00306962&medium=api&api_version=2.0","viator-only","","","","","Live on Viator; not present in current FareHarbor inventory."
"33024P8","New Orleans French Quarter and More Carriage Ride","Royal Carriages","SUPPLIER-GFEZgDj16HUVM/uVIs0KjQ==","ACTIVE","65","4.8258214","1309","","https://www.viator.com/tours/New-Orleans/French-Quarter-and-Marigny-Neighborhood-Carriage-Ride/d675-33024P8?mcid=42383&pid=P00306962&medium=api&api_version=2.0","viator-only","","","","","Live on Viator; not present in current FareHarbor inventory."
"100477P2","New Orleans Spirits & Spells: Witchcraft, Voodoo, and Ghost Tour","New Orleans Spirits & Spells Tours","SUPPLIER-qFpewfuwFZJu1+lVTMWHCg==","ACTIVE","29","4.7883368","463","","https://www.viator.com/tours/New-Orleans/New-Orleans-Spirits-and-Spells-Walking-Tour/d675-100477P2?mcid=42383&pid=P00306962&medium=api&api_version=2.0","viator-only","","","","","Live on Viator; not present in current FareHarbor inventory."
"325289P1","Soul of New Orleans City Tour: Enslavement to Modern Day Culture","2nd Line Tours/Experience","SUPPLIER-s/jb9NZYcqhzTEP+NcQ6oA==","ACTIVE","55","4.928309","544","","https://www.viator.com/tours/New-Orleans/NOLA-Culture-City-Tour/d675-325289P1?mcid=42383&pid=P00306962&medium=api&api_version=2.0","viator-only","","","","","Live on Viator; not present in current FareHarbor inventory."
"3780OAK","Oak Alley Plantation Tour with Transportation from New Orleans","Gray Line New Orleans","SUPPLIER-AIVIONkKdK8JLCRg2obcyw==","ACTIVE","89","4.3375344","1825","","https://www.viator.com/tours/New-Orleans/Tour-of-Oak-Alley-Plantation/d675-3780OAK?mcid=42383&pid=P00306962&medium=api&api_version=2.0","both-confirmed","Gray Line New Orleans / New Orleans Steamboat Co.","neworleanssteamboatcompany","561477","1578687","Direct item match: FH ID 'oak-alley-plantation-tour-grey-line' on 'neworleanssteamboatcompany' (Item: 561477, Flow: 1578687)"
"5889P11","New Orleans Adults-Only Ghost, Voodoo and Vampire Tour","Witches Brew Tours","SUPPLIER-O7HfB6f8jsdGQRyiBv89ZQ==","ACTIVE","37.99","4.761676","3533","","https://www.viator.com/tours/New-Orleans/Ravens-Omen-Ghost-and-Occult-Tour-Adult-Only/d675-5889P11?mcid=42383&pid=P00306962&medium=api&api_version=2.0","viator-only","","","","","Live on Viator; not present in current FareHarbor inventory."
"132425P2","Private Transfer to/from Louis Armstrong Intl Airport and NOLA","Jazzy Limousine & Shuttle","SUPPLIER-9eIcJZth3v0zt7mD8ieSrQ==","ACTIVE","47.5","4.853403","382","","https://www.viator.com/tours/New-Orleans/Private-Luxurious-Transportation-from-MSY-SUV-Sedan-Sprinter/d675-132425P2?mcid=42383&pid=P00306962&medium=api&api_version=2.0","viator-only","","","","","Live on Viator; not present in current FareHarbor inventory."
"3252P9","New Orleans Dead of Night Ghosts and Cemetery Bus Tour","Haunted History Tours","SUPPLIER-xe2YbZ42ogLOrNtIzC5ybg==","ACTIVE","55","4.7352943","2312","","https://www.viator.com/tours/New-Orleans/Dead-of-Night-Ghosts-and-Graveyard-Bus-Tour/d675-3252P9?mcid=42383&pid=P00306962&medium=api&api_version=2.0","viator-only","","","","","Live on Viator; not present in current FareHarbor inventory."
"64703P2","Hands-on Cajun Roux Cooking Class in New Orleans","The Mardi Gras School of Cooking","SUPPLIER-UI+RJAdC/w4dcpajZI4kxQ==","ACTIVE","163.85","4.9650874","401","","https://www.viator.com/tours/New-Orleans/Cajun-and-Creole-Cooking-Class/d675-64703P2?mcid=42383&pid=P00306962&medium=api&api_version=2.0","viator-only","","","","","Live on Viator; not present in current FareHarbor inventory."
"15200P10","Oak Alley Plantation and Large Airboat Swamp Tour from New Orleans","Louisiana Tour company","SUPPLIER-8uzrrU87wFWL6UuPGaaAkw==","ACTIVE","155","4.6550336","745","","https://www.viator.com/tours/New-Orleans/Combo-Tour-Oak-Alley-Plantation-and-Airboat-Swamp-Tour-from-New-Orleans/d675-15200P10?mcid=42383&pid=P00306962&medium=api&api_version=2.0","viator-only","","","","","Live on Viator; not present in current FareHarbor inventory."
"3780VIPSTEAM","VIP Jazz Dinner Cruise with Private Tour and Open Bar Option","Gray Line New Orleans","SUPPLIER-AIVIONkKdK8JLCRg2obcyw==","ACTIVE","190.5","4.763596","901","","https://www.viator.com/tours/New-Orleans/Viator-VIP-Steamboat-Natchez-Dinner-Cruise-with-Private-Boat-and-Engine-Room-Tour/d675-3780VIPSTEAM?mcid=42383&pid=P00306962&medium=api&api_version=2.0","possible-match-needs-review","Gray Line New Orleans / New Orleans Steamboat Co.","neworleanssteamboatcompany","","","Operator is on FareHarbor under 'neworleanssteamboatcompany', but this specific tour code is not yet item-mapped."
"88100P1","Paddlewheeler Creole Queen Historic Mississippi River Cruise","New Orleans Paddlewheels Inc.","SUPPLIER-HDHqlDdA6BooDyAZ8Jnt1w==","ACTIVE","47","4.4101825","2082","","https://www.viator.com/tours/New-Orleans/2-Hour-Historical-River-Cruise-Aboard-the-Paddlewheeler-Creole-Queen/d675-88100P1?mcid=42383&pid=P00306962&medium=api&api_version=2.0","viator-only","","","","","Live on Viator; not present in current FareHarbor inventory."
"15200P3","New Orleans Small-Group Airboat Swamp Tour","Louisiana Tour company","SUPPLIER-8uzrrU87wFWL6UuPGaaAkw==","ACTIVE","89","4.92132","788","","https://www.viator.com/tours/New-Orleans/Small-Group-Airboat-Swamp-Tour/d675-15200P3?mcid=42383&pid=P00306962&medium=api&api_version=2.0","viator-only","","","","","Live on Viator; not present in current FareHarbor inventory."
"3108LUNCH","New Orleans Demonstration Cooking Class with Meal","New Orleans School of Cooking","SUPPLIER-SQYKtDbUF9Tqhlbx1NW9wQ==","ACTIVE","45","4.859561","3190","","https://www.viator.com/tours/New-Orleans/New-Orleans-Cooking-Class/d675-3108LUNCH?mcid=42383&pid=P00306962&medium=api&api_version=2.0","viator-only","","","","","Live on Viator; not present in current FareHarbor inventory."
"273720P1","Guided Boat Tour of New Orleans Bayou","Adventures of Jean Lafitte","SUPPLIER-d0fZimpIBEdgQzMQsvejVg==","ACTIVE","30","4.536842","1615","","https://www.viator.com/tours/New-Orleans/New-Orleans-Bayou-and-Wildlife-Tour/d675-273720P1?mcid=42383&pid=P00306962&medium=api&api_version=2.0","viator-only","","","","","Live on Viator; not present in current FareHarbor inventory."
"5713P92","French Quarter Food Tour: 5 Classic Bites and NOLA Stories","Intrepid Urban Adventures - USA","SUPPLIER-HR5/EUMEl2FTKjfmNTvqlw==","ACTIVE","81.1","4.8752527","1483","","https://www.viator.com/tours/New-Orleans/French-Quarter-Food-Walking-Tour-in-New-Orleans/d675-5713P92?mcid=42383&pid=P00306962&medium=api&api_version=2.0","viator-only","","","","","Live on Viator; not present in current FareHarbor inventory."
"44599P1","New Orleans Small-Group City Tour by Van","Celebration Tours","SUPPLIER-x6T5039ICMp9LnFM5HRo4Q==","ACTIVE","69","4.806878","1134","","https://www.viator.com/tours/New-Orleans/City-of-New-Orleans-and-Katrina-Recovery-Tour/d675-44599P1?mcid=42383&pid=P00306962&medium=api&api_version=2.0","viator-only","","","","","Live on Viator; not present in current FareHarbor inventory."
"3780SWAMP","New Orleans Swamp and Bayou Alligator Tour","Gray Line New Orleans","SUPPLIER-AIVIONkKdK8JLCRg2obcyw==","ACTIVE","29.75","4.266117","1334","","https://www.viator.com/tours/New-Orleans/Swamp-and-Bayou-Sightseeing-Tour-with-Boat-Ride-from-New-Orleans/d675-3780SWAMP?mcid=42383&pid=P00306962&medium=api&api_version=2.0","both-confirmed","Gray Line New Orleans / New Orleans Steamboat Co.","neworleanssteamboatcompany","561484","1220421","Direct item match: FH ID 'swamp-bayou-tour' on 'neworleanssteamboatcompany' (Item: 561484, Flow: 1220421)"
"3728LUNCH","Court of Two Sisters Live Jazz Brunch Buffet with Mimosa","Court of Two Sisters Restaurant","SUPPLIER-c70EDuHzoR6gD+5BtxEang==","ACTIVE","50","4.320442","362","","https://www.viator.com/tours/New-Orleans/Jazz-Brunch-Buffet-at-the-Court-of-Two-Sisters-Restaurant/d675-3728LUNCH?mcid=42383&pid=P00306962&medium=api&api_version=2.0","viator-only","","","","","Live on Viator; not present in current FareHarbor inventory."
"107495P1","New Orleans City and Cemetery 2-Hour Bus Tour","VIP City Tours","SUPPLIER-E5vQw867wQhAqQpFhgEMmg==","ACTIVE","54.98","4.6858945","2219","","https://www.viator.com/tours/New-Orleans/VIP-City-and-Cemetery-Tour-by-Bus/d675-107495P1?mcid=42383&pid=P00306962&medium=api&api_version=2.0","viator-only","","","","","Live on Viator; not present in current FareHarbor inventory."
"88100P4","Jean Lafitte 90-Minute Swamp and Bayou Boat Tour","New Orleans Paddlewheels Inc.","SUPPLIER-HDHqlDdA6BooDyAZ8Jnt1w==","ACTIVE","32","4.6979637","884","","https://www.viator.com/tours/New-Orleans/90-Minute-Jean-Lafitte-Swamp-and-Bayou-Tour/d675-88100P4?mcid=42383&pid=P00306962&medium=api&api_version=2.0","viator-only","","","","","Live on Viator; not present in current FareHarbor inventory."
"126578P15","Whitney Plantation and Airboat Tour from New Orleans","CRESCENT CITY TOURS & TRANSPORTATION","SUPPLIER-ilr8RSd3kTRWaxU31m2p7Q==","ACTIVE","152","4.8319325","238","","https://www.viator.com/tours/New-Orleans/PLANTATION-SWAMP-TOUR-COMBO-BY-CRESCENT-CITY-TOURS-and-TRANSPORTATION/d675-126578P15?mcid=42383&pid=P00306962&medium=api&api_version=2.0","viator-only","","","","","Live on Viator; not present in current FareHarbor inventory."
"15200P9","Oak Alley Plantation and Swamp Boat Tour from New Orleans","Louisiana Tour company","SUPPLIER-8uzrrU87wFWL6UuPGaaAkw==","ACTIVE","125","4.402469","405","","https://www.viator.com/tours/New-Orleans/Combo-Oak-Alley-Plantation-and-Swamp-Boat-Tour/d675-15200P9?mcid=42383&pid=P00306962&medium=api&api_version=2.0","viator-only","","","","","Live on Viator; not present in current FareHarbor inventory."
"370424P1","New Orleans Adults-Only True Crime and Ghost Walking Tour","Streets Of Sin True Crime, Dark History, and Haunted Tours of New Orleans","SUPPLIER-IJXF6J5Fwaa8VwcpVPQ5Rg==","ACTIVE","38","4.961891","2073","","https://www.viator.com/tours/New-Orleans/Adults-Only-New-Orleans-True-Crime-and-Ghost-Walking-Tour/d675-370424P1?mcid=42383&pid=P00306962&medium=api&api_version=2.0","viator-only","","","","","Live on Viator; not present in current FareHarbor inventory."
"52219P1","French Quarter Historical Sights and Stories Walking Tour","Lucky Bean Tours","SUPPLIER-9pIPxXJK9NHEBCl78l0GMw==","ACTIVE","35","4.888399","2948","","https://www.viator.com/tours/New-Orleans/French-Quarter-Sights-and-Stories-Walking-Tour/d675-52219P1?mcid=42383&pid=P00306962&medium=api&api_version=2.0","viator-only","","","","","Live on Viator; not present in current FareHarbor inventory."
"6211WWII","The National WWII Museum Admission Ticket New Orleans","National WWII Museum","SUPPLIER-60xRCBAuyNE13v/wuWU8LA==","ACTIVE","38.86","4.8370028","2362","","https://www.viator.com/tours/New-Orleans/The-National-WWII-Museum-Ticket-New-Orleans/d675-6211WWII?mcid=42383&pid=P00306962&medium=api&api_version=2.0","viator-only","","","","","Live on Viator; not present in current FareHarbor inventory."
"60593P3","New Orleans Hop-On Hop-Off and Garden District Walking Tour","Basin St. Station","SUPPLIER-LHawVLZ6Xvy//cF9Y0JEKQ==","ACTIVE","47","4.523404","235","","https://www.viator.com/tours/New-Orleans/2-Tour-Hop-On-Hop-Off-Experience-Package/d675-60593P3?mcid=42383&pid=P00306962&medium=api&api_version=2.0","viator-only","","","","","Live on Viator; not present in current FareHarbor inventory."
"8013P1","City Tour of New Orleans with Pickup","Southern Style Tours and Transportation","SUPPLIER-bpdSmVMe+hjx77C93xRvhw==","ACTIVE","40","4.6437426","2501","","https://www.viator.com/tours/New-Orleans/Three-Hour-City-Tour-of-New-Orleans/d675-8013P1?mcid=42383&pid=P00306962&medium=api&api_version=2.0","both-confirmed","Southern Style Tours","southernstyletours","51942","4344","Direct item match: FH ID 'southernstyle-city-tour' on 'southernstyletours' (Item: 51942, Flow: 4344)"
"52219P2","New Orleans Small-Group Garden District Walking Tour","Lucky Bean Tours","SUPPLIER-9pIPxXJK9NHEBCl78l0GMw==","ACTIVE","35","4.936988","1587","","https://www.viator.com/tours/New-Orleans/Garden-District-and-Lafayette-Cemetery-Small-Group-Stroll/d675-52219P2?mcid=42383&pid=P00306962&medium=api&api_version=2.0","viator-only","","","","","Live on Viator; not present in current FareHarbor inventory."
"5713P96","New Orleans Jazz History and Live Music Walking Tour","Intrepid Urban Adventures - USA","SUPPLIER-HR5/EUMEl2FTKjfmNTvqlw==","ACTIVE","54.5","4.7936","625","","https://www.viator.com/tours/New-Orleans/New-Orleans-Jazz-Tour-Including-Live-music-and-a-Beer/d675-5713P96?mcid=42383&pid=P00306962&medium=api&api_version=2.0","viator-only","","","","","Live on Viator; not present in current FareHarbor inventory."
"457527P2","Whitney Plantation (Guided Tour) with Bus Ride To & From N. O.","K's Luxury Transportation and Tours","SUPPLIER-dQUtYDI9OHYaAR3vfMtJFw==","ACTIVE","93.29","4.984127","126","","https://www.viator.com/tours/New-Orleans/Whitney-Plantation-Half-Day-Tour/d675-457527P2?mcid=42383&pid=P00306962&medium=api&api_version=2.0","viator-only","","","","","Live on Viator; not present in current FareHarbor inventory."
"5649577P1","Museum of Illusions New Orleans Admission Ticket","Museum of Illusions New Orleans","SUPPLIER-D1qIj0N1VjuPfbEOhhGnqg==","ACTIVE","31","4.05","20","","https://www.viator.com/tours/New-Orleans/Museum-of-Illusions-New-Orleans-Admission-Ticket/d675-5649577P1?mcid=42383&pid=P00306962&medium=api&api_version=2.0","viator-only","","","","","Live on Viator; not present in current FareHarbor inventory."
"3780STEAMBRU","Jazz Brunch Cruise in New Orleans","Gray Line New Orleans","SUPPLIER-AIVIONkKdK8JLCRg2obcyw==","ACTIVE","43.5","4.15615","935","","https://www.viator.com/tours/New-Orleans/Steamboat-Natchez-Jazz-Brunch-Cruise-in-New-Orleans/d675-3780STEAMBRU?mcid=42383&pid=P00306962&medium=api&api_version=2.0","both-confirmed","Gray Line New Orleans / New Orleans Steamboat Co.","neworleanssteamboatcompany","","","Direct item match: FH ID 'sunday-jazz-brunch-cruise' on 'neworleanssteamboatcompany' (Item: vessel-flow, Flow: direct)"
"186622P6","Nola Party Bus Tour","Treme Luxury Experience","SUPPLIER-KHkYeUkYk3seOTqxWFq8lQ==","ACTIVE","35","4.803279","61","","https://www.viator.com/tours/New-Orleans/Nola-Party-Bus-Tour/d675-186622P6?mcid=42383&pid=P00306962&medium=api&api_version=2.0","viator-only","","","","","Live on Viator; not present in current FareHarbor inventory."
"6484P3","New Orleans Cocktail and Food History Tour","Doctor Gumbo Tours","SUPPLIER-uhTuEGs0R00a22vvRVDMHg==","ACTIVE","160","4.9068685","859","","https://www.viator.com/tours/New-Orleans/Combo-Cocktail-and-Food-History-Tour/d675-6484P3?mcid=42383&pid=P00306962&medium=api&api_version=2.0","viator-only","","","","","Live on Viator; not present in current FareHarbor inventory."
"3252_1","New Orleans Haunted History Ghost Tour","Haunted History Tours","SUPPLIER-xe2YbZ42ogLOrNtIzC5ybg==","ACTIVE","30","4.6481886","2291","","https://www.viator.com/tours/New-Orleans/New-Orleans-Haunted-History-Ghost-Tour/d675-3252_1?mcid=42383&pid=P00306962&medium=api&api_version=2.0","viator-only","","","","","Live on Viator; not present in current FareHarbor inventory."
"60593P2","New Orleans Hop-On Hop-Off Unlimited Sightseeing Package","Basin St. Station","SUPPLIER-LHawVLZ6Xvy//cF9Y0JEKQ==","ACTIVE","54","4.536667","600","","https://www.viator.com/tours/New-Orleans/New-Orleans-Unlimited-Sightseeing-Package/d675-60593P2?mcid=42383&pid=P00306962&medium=api&api_version=2.0","viator-only","","","","","Live on Viator; not present in current FareHarbor inventory."
"87311P5","Private New Orleans City Tour with Local Expert Guide","Nola Detours","SUPPLIER-8/mcq6VF/wbkee27HoTFzw==","ACTIVE","135","4.853147","143","","https://www.viator.com/tours/New-Orleans/Marcs-Hometown-Experience/d675-87311P5?mcid=42383&pid=P00306962&medium=api&api_version=2.0","viator-only","","","","","Live on Viator; not present in current FareHarbor inventory."
"15225P8","French Quarter Walking Food Tour: Famous Flavors of New Orleans","Tastebud Tours","SUPPLIER-7x6XbaFYUtRX2E87lmg9EQ==","ACTIVE","80","4.8658447","1379","","https://www.viator.com/tours/New-Orleans/New-Orleans-Style-Food-Tour/d675-15225P8?mcid=42383&pid=P00306962&medium=api&api_version=2.0","viator-only","","","","","Live on Viator; not present in current FareHarbor inventory."
"132425P5","Private Mercedes Sprinter Transfer NOLA, Airport, Cruise Ship","Jazzy Limousine & Shuttle","SUPPLIER-9eIcJZth3v0zt7mD8ieSrQ==","ACTIVE","250","4.84","25","","https://www.viator.com/tours/New-Orleans/Private-Group-Transfers-NOLA-Airport-Cruise-Tour-Event/d675-132425P5?mcid=42383&pid=P00306962&medium=api&api_version=2.0","viator-only","","","","","Live on Viator; not present in current FareHarbor inventory."
"6953P16","Oak Alley and Whitney Plantation Tour with Transportation","Cajun Encounters Tour Co.","SUPPLIER-Ls68Tv9wCH9YKPX1YdQD0g==","ACTIVE","111.13","4.672269","119","","https://www.viator.com/tours/New-Orleans/Whitney-Plantation-Tour-with-Transportation/d675-6953P16?mcid=42383&pid=P00306962&medium=api&api_version=2.0","possible-match-needs-review","","","","","Active on Viator (supplier ref SUPPLIER-Ls68Tv9wCH9YKPX1YdQD0g==); NO active FareHarbor item/flow ID configured in repository."
"7957P2","Ghost and Vampire Walking Tour Of The French Quarter","French Quarter Phantoms","SUPPLIER-wblk3oxrTXZD/Riq4/5vBg==","ACTIVE","21","4.718171","2537","","https://www.viator.com/tours/New-Orleans/Ghost-and-Vampire-Walking-Tour-Of-The-French-Quarter/d675-7957P2?mcid=42383&pid=P00306962&medium=api&api_version=2.0","viator-only","","","","","Live on Viator; not present in current FareHarbor inventory."
"249247P1","Ghost Hunt Inside Haunted Locations with New Orleans Paranormal","New Orleans Paranormal Society","SUPPLIER-4FN7quz/HGCeYzzAbwniWw==","ACTIVE","55.68","4.7717996","539","","https://www.viator.com/tours/New-Orleans/Murder-Haunts-and-Mystery-Tour/d675-249247P1?mcid=42383&pid=P00306962&medium=api&api_version=2.0","viator-only","","","","","Live on Viator; not present in current FareHarbor inventory."
"49992P13","Voodoo Doll Class in New Orleans","Unique NOLA","SUPPLIER-yeL4oePg1WmcZId9AOTguw==","ACTIVE","99.99","4.995413","218","","https://www.viator.com/tours/New-Orleans/Voodoo-Doll-Class-in-New-Orleans/d675-49992P13?mcid=42383&pid=P00306962&medium=api&api_version=2.0","viator-only","","","","","Live on Viator; not present in current FareHarbor inventory."
"2292AIRBOAT","Small-Group Bayou Airboat Ride with Transport from New Orleans","Tours by Isabelle","SUPPLIER-/SCgQegRelYc02enrvEGfg==","ACTIVE","130","4.782528","538","","https://www.viator.com/tours/New-Orleans/Small-Group-Bayou-Airboat-Ride-with-Transport-from-New-Orleans/d675-2292AIRBOAT?mcid=42383&pid=P00306962&medium=api&api_version=2.0","viator-only","","","","","Live on Viator; not present in current FareHarbor inventory."
"64332P13","Destrehan Plantation Haunted Night Tour","NOLA GhostRiders","SUPPLIER-ODu+cYHhAXmF5xbqwDTQ2A==","ACTIVE","69","4.6153846","130","","https://www.viator.com/tours/New-Orleans/Destrehan-Plantation-Haunted-Night-Tour/d675-64332P13?mcid=42383&pid=P00306962&medium=api&api_version=2.0","viator-only","","","","","Live on Viator; not present in current FareHarbor inventory."
"49992P3","Pub Crawl: New Orleans Lewd Spirits Haunted Tour with Bar Stops","Unique NOLA","SUPPLIER-yeL4oePg1WmcZId9AOTguw==","ACTIVE","37","4.771044","891","","https://www.viator.com/tours/New-Orleans/Lewd-Spirits-Over-21-Ghost-Tour/d675-49992P3?mcid=42383&pid=P00306962&medium=api&api_version=2.0","viator-only","","","","","Live on Viator; not present in current FareHarbor inventory."
"457527P4","Oak Alley Plantation Tour with Pickup from New Orleans","K's Luxury Transportation and Tours","SUPPLIER-dQUtYDI9OHYaAR3vfMtJFw==","ACTIVE","86.7","4.8333335","90","","https://www.viator.com/tours/New-Orleans/Oak-Alley-Plantation-Half-Day-Tour/d675-457527P4?mcid=42383&pid=P00306962&medium=api&api_version=2.0","viator-only","","","","","Live on Viator; not present in current FareHarbor inventory."
"218142P1","Freaky Tiki Bayou Boat Tour: Near New Orleans with Bathrooms","Nola Pedal Barge - Swamp Tour Party Boat","SUPPLIER-pDqoMn1eTIhkfmD79uk+rw==","ACTIVE","50","4.8189654","116","","https://www.viator.com/tours/New-Orleans/Party-Bike-Bar-Booze-Cruise/d675-218142P1?mcid=42383&pid=P00306962&medium=api&api_version=2.0","viator-only","","","","","Live on Viator; not present in current FareHarbor inventory."
"3780PADDLE","New Orleans City Tour and Steamboat Natchez Harbor Jazz Cruise","Gray Line New Orleans","SUPPLIER-AIVIONkKdK8JLCRg2obcyw==","ACTIVE","74.8","4.2458334","480","","https://www.viator.com/tours/New-Orleans/New-Orleans-Super-Saver-City-Tour-and-Steamboat-Natchez-Harbor-Cruise/d675-3780PADDLE?mcid=42383&pid=P00306962&medium=api&api_version=2.0","possible-match-needs-review","Gray Line New Orleans / New Orleans Steamboat Co.","neworleanssteamboatcompany","","","Operator is on FareHarbor under 'neworleanssteamboatcompany', but this specific tour code is not yet item-mapped."
"424316P3","Audubon Zoo, Aquarium, and Insectarium Combo Ticket","Audubon Nature Institute Inc.","SUPPLIER-hh2Rlyj99zddvHino4J2GA==","ACTIVE","60","4.25","8","","https://www.viator.com/tours/New-Orleans/Audubon-Combo-Ticket-Zoo-Aquarium-and-Insectarium/d675-424316P3?mcid=42383&pid=P00306962&medium=api&api_version=2.0","viator-only","","","","","Live on Viator; not present in current FareHarbor inventory."
"6953SWAMP","New Orleans Self-Transport Swamp and Bayou Boat Tour","Cajun Encounters Tour Co.","SUPPLIER-Ls68Tv9wCH9YKPX1YdQD0g==","ACTIVE","43.15","4.9295645","3308","","https://www.viator.com/tours/New-Orleans/Honey-Island-Swamp-Tour/d675-6953SWAMP?mcid=42383&pid=P00306962&medium=api&api_version=2.0","possible-match-needs-review","","","","","Active on Viator (supplier ref SUPPLIER-Ls68Tv9wCH9YKPX1YdQD0g==); NO active FareHarbor item/flow ID configured in repository."
"15200P11","Oak Alley Plantation and Small Airboat Tour from New Orleans","Louisiana Tour company","SUPPLIER-8uzrrU87wFWL6UuPGaaAkw==","ACTIVE","180","4.5968585","191","","https://www.viator.com/tours/New-Orleans/Combo-Oak-Alley-Plantation-and-6-Passenger-Airboat-Tour/d675-15200P11?mcid=42383&pid=P00306962&medium=api&api_version=2.0","viator-only","","","","","Live on Viator; not present in current FareHarbor inventory."
"58762P5","Food Tour of New Orleans Garden District: Group of Nine or Less","New Orleans Secrets Tours","SUPPLIER-O4vUi32/voXAoLkcd+Q9YQ==","ACTIVE","149","4.9508195","122","","https://www.viator.com/tours/New-Orleans/FOOD-TOUR-of-New-Orleans-Garden-District-Super-small-group-size/d675-58762P5?mcid=42383&pid=P00306962&medium=api&api_version=2.0","viator-only","","","","","Live on Viator; not present in current FareHarbor inventory."
"3780AIRBOAT","Airboat Ride with Optional Transportation from New Orleans","Gray Line New Orleans","SUPPLIER-AIVIONkKdK8JLCRg2obcyw==","ACTIVE","59","4.5990677","429","","https://www.viator.com/tours/New-Orleans/Airboat-Ride-with-Round-Trip-Transport-from-New-Orleans/d675-3780AIRBOAT?mcid=42383&pid=P00306962&medium=api&api_version=2.0","both-confirmed","Gray Line New Orleans / New Orleans Steamboat Co.","neworleanssteamboatcompany","562175","1220421","Direct item match: FH ID 'large-airboat-swamp-adventure' on 'neworleanssteamboatcompany' (Item: 562175, Flow: 1220421)"
"6205P7","French Quarter Small-Group Cocktail and Foodie Crawl","Destination Kitchen","SUPPLIER-5Q+tEMqLTG5mM2OnOIZUCQ==","ACTIVE","159","4.8333335","570","","https://www.viator.com/tours/New-Orleans/French-Quarter-Cocktail-and-Foodie-Crawl/d675-6205P7?mcid=42383&pid=P00306962&medium=api&api_version=2.0","viator-only","","","","","Live on Viator; not present in current FareHarbor inventory."
"3252P5","New Orleans Homes of the Rich and Famous Tour of the Garden District","Haunted History Tours","SUPPLIER-xe2YbZ42ogLOrNtIzC5ybg==","ACTIVE","30","4.9363055","471","","https://www.viator.com/tours/New-Orleans/Garden-District-Tour-of-New-Orleans/d675-3252P5?mcid=42383&pid=P00306962&medium=api&api_version=2.0","viator-only","","","","","Live on Viator; not present in current FareHarbor inventory."
"15200P12","Oak Alley Plantation Half-Day Tour from New Orleans","Louisiana Tour company","SUPPLIER-8uzrrU87wFWL6UuPGaaAkw==","ACTIVE","75","4.3166666","180","","https://www.viator.com/tours/New-Orleans/Oak-Alley-Plantation-Tour-New-Orleans/d675-15200P12?mcid=42383&pid=P00306962&medium=api&api_version=2.0","viator-only","","","","","Live on Viator; not present in current FareHarbor inventory."
"3108P5","New Orleans Courtyard Cocktails: Happy Hour Mixology Class","New Orleans School of Cooking","SUPPLIER-SQYKtDbUF9Tqhlbx1NW9wQ==","ACTIVE","115","4.5","4","","https://www.viator.com/tours/New-Orleans/Courtyard-Cocktails-A-Happy-Hour-Mixology-Class/d675-3108P5?mcid=42383&pid=P00306962&medium=api&api_version=2.0","viator-only","","","","","Live on Viator; not present in current FareHarbor inventory."
"400627P3","Witches Coven Walking Tour in New Orleans","DuPont and Company","SUPPLIER-mtOjTpeAgjupEokgIPG3CQ==","ACTIVE","35","4.877193","114","","https://www.viator.com/tours/New-Orleans/Witches-Coven-Tour/d675-400627P3?mcid=42383&pid=P00306962&medium=api&api_version=2.0","viator-only","","","","","Live on Viator; not present in current FareHarbor inventory."
"135145P1","Shrimp Boil Cabaret: Seafood Tasting Menu & Live Music","Shrimp Boil Cabaret","SUPPLIER-MlgZhNWgeZW4z7cmUKQ0FA==","ACTIVE","109","4.768844","199","","https://www.viator.com/tours/New-Orleans/Mister-Gregorys-Famous-Shrimp-Boil-and-a-Show/d675-135145P1?mcid=42383&pid=P00306962&medium=api&api_version=2.0","viator-only","","","","","Live on Viator; not present in current FareHarbor inventory."
"64338P1","Small-Group Manchac Swamp Kayak Tour with Local Guide","Wild Louisiana Tours LLC","SUPPLIER-D5iY3BRdJJRg5iWmc/rV/g==","ACTIVE","93","4.8413925","517","","https://www.viator.com/tours/New-Orleans/Manchac-Magic-Kayak-Swamp-Tour/d675-64338P1?mcid=42383&pid=P00306962&medium=api&api_version=2.0","viator-only","","","","","Live on Viator; not present in current FareHarbor inventory."
"33024P7","New Orleans Private Carriage Tour of the French Quarter","Royal Carriages","SUPPLIER-GFEZgDj16HUVM/uVIs0KjQ==","ACTIVE","325","4.9158077","582","","https://www.viator.com/tours/New-Orleans/VIP-Private-Carriage-Tour-of-French-Quarter/d675-33024P7?mcid=42383&pid=P00306962&medium=api&api_version=2.0","viator-only","","","","","Live on Viator; not present in current FareHarbor inventory."
"443499P2","New Orleans Soul Food Tour with Hotel Pickup and Drinks","Nola Soul Food Tours","SUPPLIER-yw3kL/5n+WI/PuAOzZTu5w==","ACTIVE","229","5","21","","https://www.viator.com/tours/New-Orleans/The-New-Orleans-Soul-Food-Tour/d675-443499P2?mcid=42383&pid=P00306962&medium=api&api_version=2.0","viator-only","","","","","Live on Viator; not present in current FareHarbor inventory."
"358869P1","Adults-Only Uncensored Ghost, Vampire, and Voodoo Walking Tour","Wicked History Tours","SUPPLIER-Lj5LUkKrTfZ33oFoSrMOcQ==","ACTIVE","35","4.8231826","509","","https://www.viator.com/tours/New-Orleans/Adults-Only-UNCENSORED-5-in-1-Ghost-Vampire-Voodoo-Witchcraft-History-Tour/d675-358869P1?mcid=42383&pid=P00306962&medium=api&api_version=2.0","viator-only","","","","","Live on Viator; not present in current FareHarbor inventory."
"117890P2","New Orleans French Quarter Photo Shoot","Beauty Photoshoot New Orleans","SUPPLIER-cqlyTTCI6cUq8x5dKYctqg==","ACTIVE","58.5","4.779835","486","","https://www.viator.com/tours/New-Orleans/Tour-and-Photo-Shoot-in-French-Quarter/d675-117890P2?mcid=42383&pid=P00306962&medium=api&api_version=2.0","viator-only","","","","","Live on Viator; not present in current FareHarbor inventory."
"15200P1","New Orleans Large Airboat Swamp Tour","Louisiana Tour company","SUPPLIER-8uzrrU87wFWL6UuPGaaAkw==","ACTIVE","65","4.916256","203","","https://www.viator.com/tours/New-Orleans/Large-Airboat-Swamp-Tour/d675-15200P1?mcid=42383&pid=P00306962&medium=api&api_version=2.0","viator-only","","","","","Live on Viator; not present in current FareHarbor inventory."
"3780ST","New Orleans Original Craft Cocktail Walking Tour","Gray Line New Orleans","SUPPLIER-AIVIONkKdK8JLCRg2obcyw==","ACTIVE","28","4.627566","682","","https://www.viator.com/tours/New-Orleans/New-Orleans-Original-Cocktail-Walking-Tour/d675-3780ST?mcid=42383&pid=P00306962&medium=api&api_version=2.0","both-confirmed","Gray Line New Orleans / New Orleans Steamboat Co.","neworleanssteamboatcompany","562204","1578708","Direct item match: FH ID 'craft-cocktail-walking-tour' on 'neworleanssteamboatcompany' (Item: 562204, Flow: 1578708)"
"60593P1","After-Dark Historical Night Tour of St. Louis Cemetery No. 1","Basin St. Station","SUPPLIER-LHawVLZ6Xvy//cF9Y0JEKQ==","ACTIVE","41","4.91875","320","","https://www.viator.com/tours/New-Orleans/St-Louis-Number-1-Cemetery-Tour/d675-60593P1?mcid=42383&pid=P00306962&medium=api&api_version=2.0","viator-only","","","","","Live on Viator; not present in current FareHarbor inventory."
"66984P1","Frenchmen Street VIP Live Music Pub Crawl in New Orleans","Big Easy Walking Tours","SUPPLIER-M1DStTinwJpSoe1ZR6VcjA==","ACTIVE","60.5","4.6883116","693","","https://www.viator.com/tours/New-Orleans/Frenchmen-Street-Live-Music-Pub-Crawl/d675-66984P1?mcid=42383&pid=P00306962&medium=api&api_version=2.0","viator-only","","","","","Live on Viator; not present in current FareHarbor inventory."
"424316P1","Audubon Zoo Ticket","Audubon Nature Institute Inc.","SUPPLIER-hh2Rlyj99zddvHino4J2GA==","ACTIVE","37.6","4.5433073","127","","https://www.viator.com/tours/New-Orleans/Audubon-Zoo-Ticket/d675-424316P1?mcid=42383&pid=P00306962&medium=api&api_version=2.0","viator-only","","","","","Live on Viator; not present in current FareHarbor inventory."
"406449P1","Private Transfer in a Luxury Vehicle to and or from MSY Airport","MSY Limousine","SUPPLIER-icWSEErQjQU0QXGNLHzEgw==","ACTIVE","67","4.827586","58","","https://www.viator.com/tours/New-Orleans/Airport-Transportation/d675-406449P1?mcid=42383&pid=P00306962&medium=api&api_version=2.0","viator-only","","","","","Live on Viator; not present in current FareHarbor inventory."
"66984P3","Ghost Tour and Haunted Pub Crawl Party with Free Shot","Big Easy Walking Tours","SUPPLIER-M1DStTinwJpSoe1ZR6VcjA==","ACTIVE","20.9","4.86478","318","","https://www.viator.com/tours/New-Orleans/Big-Easy-Ghost-and-Vampire-Tour/d675-66984P3?mcid=42383&pid=P00306962&medium=api&api_version=2.0","viator-only","","","","","Live on Viator; not present in current FareHarbor inventory."
"8013P8","Oak Alley or Laura Plantation with Transportation From downtown","Southern Style Tours and Transportation","SUPPLIER-bpdSmVMe+hjx77C93xRvhw==","ACTIVE","79","4.368421","399","","https://www.viator.com/tours/New-Orleans/Oak-Alley-or-Laura-Plantation-Tour-from-New-Orleans/d675-8013P8?mcid=42383&pid=P00306962&medium=api&api_version=2.0","both-confirmed","Southern Style Tours","southernstyletours","83002","4344","Direct item match: FH ID 'southernstyle-plantation' on 'southernstyletours' (Item: 83002, Flow: 4344)"
"24382P8","New Orleans Combo Tour: Voodoo, Vampire, and Ghost Tour","New Orleans Ghost Adventures","SUPPLIER-47KZT6ihrq1jS9v+gTOO6A==","ACTIVE","32","4.535533","394","","https://www.viator.com/tours/New-Orleans/8-in-1-Combo-Haunted-Walking-Tour-in-New-Orleans/d675-24382P8?mcid=42383&pid=P00306962&medium=api&api_version=2.0","viator-only","","","","","Live on Viator; not present in current FareHarbor inventory."
"73172P3","New Orleans Private Round-Trip Airport Transfer","Burton Transit","SUPPLIER-xwFIo9eM8RvIQMxkxlOx6g==","ACTIVE","142","4.7619047","63","","https://www.viator.com/tours/New-Orleans/Shared-Departure-Transfer-Hotel-or-Cruise-Port-to-New-Orleans-Airport-MSY/d675-73172P3?mcid=42383&pid=P00306962&medium=api&api_version=2.0","viator-only","","","","","Live on Viator; not present in current FareHarbor inventory."
"325289P3","Whitney Plantation & Museum Tour | Pickups from New Orleans","2nd Line Tours/Experience","SUPPLIER-s/jb9NZYcqhzTEP+NcQ6oA==","ACTIVE","75","4.607595","79","","https://www.viator.com/tours/New-Orleans/Whitney-Plantation-Tour-by-2nd-Line-Tours/d675-325289P3?mcid=42383&pid=P00306962&medium=api&api_version=2.0","viator-only","","","","","Live on Viator; not present in current FareHarbor inventory."
"3252P11","Private New Orleans Haunted History Ghost Tour","Haunted History Tours","SUPPLIER-xe2YbZ42ogLOrNtIzC5ybg==","ACTIVE","574.95","4.8","35","","https://www.viator.com/tours/New-Orleans/Private-New-Orleans-Haunted-History-Ghost-Tour/d675-3252P11?mcid=42383&pid=P00306962&medium=api&api_version=2.0","viator-only","","","","","Live on Viator; not present in current FareHarbor inventory."
"3252P7","New Orleans Cemetery Walking Tour","Haunted History Tours","SUPPLIER-xe2YbZ42ogLOrNtIzC5ybg==","ACTIVE","30","4.876995","1065","","https://www.viator.com/tours/New-Orleans/New-Orleans-Cemetery-History-Tour/d675-3252P7?mcid=42383&pid=P00306962&medium=api&api_version=2.0","viator-only","","","","","Live on Viator; not present in current FareHarbor inventory."
"6211P10","The National WWII Museum Campus Pass plus 4-D Film","National WWII Museum","SUPPLIER-60xRCBAuyNE13v/wuWU8LA==","ACTIVE","48.3","4.8490567","742","","https://www.viator.com/tours/New-Orleans/4-D-Film-Beyond-All-Boundaries-at-The-National-WWII-Museum-New-Orleans/d675-6211P10?mcid=42383&pid=P00306962&medium=api&api_version=2.0","viator-only","","","","","Live on Viator; not present in current FareHarbor inventory."
"21752P6","French Quarter Food Walking Tour with Tastings","Taste of Nawlins Culinary History Tour","SUPPLIER-obN5bzQDuW5TKqyUC4kzwQ==","ACTIVE","33.28","4.5555553","225","","https://www.viator.com/tours/New-Orleans/French-Quarter-Food-Tour/d675-21752P6?mcid=42383&pid=P00306962&medium=api&api_version=2.0","viator-only","","","","","Live on Viator; not present in current FareHarbor inventory."
"15064P13","New Orleans Sweet Treats Food Tour: Beignets, Donuts, & Much More","Underground Donut Tour","SUPPLIER-/cAZCbBky+iEds80WkJsBg==","ACTIVE","70","4.9070883","1044","","https://www.viator.com/tours/New-Orleans/Underground-Donut-Tour-New-Orleans-Historic-Donut-and-Beignet-Tour/d675-15064P13?mcid=42383&pid=P00306962&medium=api&api_version=2.0","viator-only","","","","","Live on Viator; not present in current FareHarbor inventory."
"155886P1","Private New Orleans City Tour with a Local Guide – La Vie NOLA","""La Vie"" New Orleans Private Tours","SUPPLIER-EEM0IQkbzxRJ93wqAnA81Q==","ACTIVE","481.5","5","102","","https://www.viator.com/tours/New-Orleans/Private-Citywide-Driving-Tour-of-New-Orleans/d675-155886P1?mcid=42383&pid=P00306962&medium=api&api_version=2.0","viator-only","","","","","Live on Viator; not present in current FareHarbor inventory."
"462194P1","Pub Crawl: New Orleans Cocktail and Ghost Tour","You've Got A Buddy Tours","SUPPLIER-FnoALA+doJMEEMpnZicdYQ==","ACTIVE","30","4.937931","145","","https://www.viator.com/tours/New-Orleans/Spirits-The-Cocktail-And-Ghost-Crawl/d675-462194P1?mcid=42383&pid=P00306962&medium=api&api_version=2.0","viator-only","","","","","Live on Viator; not present in current FareHarbor inventory."
"2292GRAND","Airboat and Plantations Tour with Gourmet Lunch from New Orleans","Tours by Isabelle","SUPPLIER-/SCgQegRelYc02enrvEGfg==","ACTIVE","279","4.73328","1256","","https://www.viator.com/tours/New-Orleans/Experience-Cajun-Country-Swamp-Boat-Adventure-and-Plantations-Full-Day-Tour-from-New-Orleans/d675-2292GRAND?mcid=42383&pid=P00306962&medium=api&api_version=2.0","viator-only","","","","","Live on Viator; not present in current FareHarbor inventory."
"6201EASYNIGHT","New Orleans Night Sightseeing Flight","New Orleans Aerial Tours & Flight Training","SUPPLIER-oS/CtoUPSHXzMhVfTvS7iA==","ACTIVE","189.34","4.882353","17","","https://www.viator.com/tours/New-Orleans/New-Orleans-Night-Sightseeing-Flight/d675-6201EASYNIGHT?mcid=42383&pid=P00306962&medium=api&api_version=2.0","viator-only","","","","","Live on Viator; not present in current FareHarbor inventory."
"3252P6","New Orleans Ghost, Vampire, Witch, Voodoo, and Mystery Tour","Haunted History Tours","SUPPLIER-xe2YbZ42ogLOrNtIzC5ybg==","ACTIVE","30","4.6029778","806","","https://www.viator.com/tours/New-Orleans/5-in-1-Ghost-and-Mystery-Tour/d675-3252P6?mcid=42383&pid=P00306962&medium=api&api_version=2.0","viator-only","","","","","Live on Viator; not present in current FareHarbor inventory."
"5598314P6","Historic French Quarter Segway Tour","Segway Tours New Orleans","SUPPLIER-1Od+/BOtL/vtQcdhPnxxaQ==","ACTIVE","79","4.8974357","39","","https://www.viator.com/tours/New-Orleans/Historic-French-Quarter-Segway-Tour/d675-5598314P6?mcid=42383&pid=P00306962&medium=api&api_version=2.0","viator-only","","","","","Live on Viator; not present in current FareHarbor inventory."
"104357P628","New Orleans Street Food Tour With A Local Guide","Guydeez","SUPPLIER-sPPmofdYs9yf+NKIMof/kQ==","ACTIVE","72.59","5","1","","https://www.viator.com/tours/New-Orleans/New-Orleans-Best-Street-Food-Tour-With-A-Local-Guide/d675-104357P628?mcid=42383&pid=P00306962&medium=api&api_version=2.0","viator-only","","","","","Live on Viator; not present in current FareHarbor inventory."
"117890P3","New Orleans Private Photo Shoot with Professional Photographer","Beauty Photoshoot New Orleans","SUPPLIER-cqlyTTCI6cUq8x5dKYctqg==","ACTIVE","189","4.8539324","89","","https://www.viator.com/tours/New-Orleans/Private-photo-shoot-with-a-professional/d675-117890P3?mcid=42383&pid=P00306962&medium=api&api_version=2.0","viator-only","","","","","Live on Viator; not present in current FareHarbor inventory."
"2292ADEAST","New Orleans Small-Group 3 Plantation Tour with Gourmet Lunch","Tours by Isabelle","SUPPLIER-/SCgQegRelYc02enrvEGfg==","ACTIVE","259","4.79021","143","","https://www.viator.com/tours/New-Orleans/Small-Group-Louisiana-Plantations-Tour-from-New-Orleans/d675-2292ADEAST?mcid=42383&pid=P00306962&medium=api&api_version=2.0","viator-only","","","","","Live on Viator; not present in current FareHarbor inventory."
"6201BIGEASY","New Orleans Sightseeing Flight","New Orleans Aerial Tours & Flight Training","SUPPLIER-oS/CtoUPSHXzMhVfTvS7iA==","ACTIVE","162.67","4.794872","39","","https://www.viator.com/tours/New-Orleans/New-Orleans-Sightseeing-Flight/d675-6201BIGEASY?mcid=42383&pid=P00306962&medium=api&api_version=2.0","viator-only","","","","","Live on Viator; not present in current FareHarbor inventory."
"3252_5","New Orleans Vampire Walking Tour","Haunted History Tours","SUPPLIER-xe2YbZ42ogLOrNtIzC5ybg==","ACTIVE","30","4.609618","707","","https://www.viator.com/tours/New-Orleans/New-Orleans-Vampire-Tour/d675-3252_5?mcid=42383&pid=P00306962&medium=api&api_version=2.0","viator-only","","","","","Live on Viator; not present in current FareHarbor inventory."
"6484FRQCK","New Orleans Cocktail History Walking Tour in the French Quarter","Doctor Gumbo Tours","SUPPLIER-uhTuEGs0R00a22vvRVDMHg==","ACTIVE","95","4.928115","626","","https://www.viator.com/tours/New-Orleans/New-Orleans-Cocktail-History-Walking-Tour-in-the-French-Quarter/d675-6484FRQCK?mcid=42383&pid=P00306962&medium=api&api_version=2.0","viator-only","","","","","Live on Viator; not present in current FareHarbor inventory."
"52202P1","New Orleans Garden District Architecture Tour","NOLA Tours","SUPPLIER-xm4ocQq84RNzOXu3ufD1oA==","ACTIVE","40","4.9659367","411","","https://www.viator.com/tours/New-Orleans/Small-Group-Garden-District-Walking-Tour-in-New-Orleans/d675-52202P1?mcid=42383&pid=P00306962&medium=api&api_version=2.0","viator-only","","","","","Live on Viator; not present in current FareHarbor inventory."
"325289P8","Whitney Plantation and Soul of New Orleans City Tour Combo","2nd Line Tours/Experience","SUPPLIER-s/jb9NZYcqhzTEP+NcQ6oA==","ACTIVE","129","5","15","","https://www.viator.com/tours/New-Orleans/Whitney-plantation-and-urban-culture-city-tour-combo/d675-325289P8?mcid=42383&pid=P00306962&medium=api&api_version=2.0","viator-only","","","","","Live on Viator; not present in current FareHarbor inventory."
"15200P15","New Orleans City, Cemetery and Swamp Full-Day Tour","Louisiana Tour company","SUPPLIER-8uzrrU87wFWL6UuPGaaAkw==","ACTIVE","110","4.7336683","199","","https://www.viator.com/tours/New-Orleans/New-Orleans-City-Tour-with-Swamp-Tour-Options/d675-15200P15?mcid=42383&pid=P00306962&medium=api&api_version=2.0","viator-only","","","","","Live on Viator; not present in current FareHarbor inventory."
"275994P1","New Orleans Private Airport Transfer to any Hotel or Cruise Port","NOLA CAR SERVICE","SUPPLIER-1prsOoWInBRSIHW9FblpKA==","ACTIVE","95","4.366093","407","","https://www.viator.com/tours/New-Orleans/Luxury-Sedan-Transfer-from-New-Orleans-International-Airport-to-Downtown-Hotels/d675-275994P1?mcid=42383&pid=P00306962&medium=api&api_version=2.0","viator-only","","","","","Live on Viator; not present in current FareHarbor inventory."
"186622P5","New Orleans Culture Second Line Tour in NOLA","Treme Luxury Experience","SUPPLIER-KHkYeUkYk3seOTqxWFq8lQ==","ACTIVE","30","4.747573","103","","https://www.viator.com/tours/New-Orleans/Nola-Culture-Second-Line-Tour-and-Music-Experience/d675-186622P5?mcid=42383&pid=P00306962&medium=api&api_version=2.0","viator-only","","","","","Live on Viator; not present in current FareHarbor inventory."
"6455P7","New Orleans Premium Six-Passenger Airboat Adventure","Airboat Adventures","SUPPLIER-7eNlteakiwgCVdiaT3VQkg==","ACTIVE","119","4.9333334","30","","https://www.viator.com/tours/New-Orleans/Premium-New-Orleans-Airboat-Adventure/d675-6455P7?mcid=42383&pid=P00306962&medium=api&api_version=2.0","viator-only","","","","","Live on Viator; not present in current FareHarbor inventory."
"6201AVIATOR","Fly a Plane in New Orleans: No Experience or License Required","New Orleans Aerial Tours & Flight Training","SUPPLIER-oS/CtoUPSHXzMhVfTvS7iA==","ACTIVE","284.8","4.9591837","49","","https://www.viator.com/tours/New-Orleans/Fly-a-Plane-in-New-Orleans-No-Experience-or-License-Required/d675-6201AVIATOR?mcid=42383&pid=P00306962&medium=api&api_version=2.0","viator-only","","","","","Live on Viator; not present in current FareHarbor inventory."
"64703P5","Hands-on Cajun Traditions Cooking Class","The Mardi Gras School of Cooking","SUPPLIER-UI+RJAdC/w4dcpajZI4kxQ==","ACTIVE","163.85","4.9548388","155","","https://www.viator.com/tours/New-Orleans/Hands-on-cooking-class-Traditions/d675-64703P5?mcid=42383&pid=P00306962&medium=api&api_version=2.0","viator-only","","","","","Live on Viator; not present in current FareHarbor inventory."
"9349P29","New Orleans Jingle Bells Walking Tour","New Orleans Drunk History Tours • Show Me New Orleans Tours","SUPPLIER-hqWPcDmLjss0qH0WgTLHdQ==","ACTIVE","55","","0","","https://www.viator.com/tours/New-Orleans/Jingle-Bells-and-Beer-Walking-Tour/d675-9349P29?mcid=42383&pid=P00306962&medium=api&api_version=2.0","viator-only","","","","","Live on Viator; not present in current FareHarbor inventory."
"374069P1","New Orleans: Craft Your Own Signature Perfume or Cologne","Create Your Own Perfume / Cologne","SUPPLIER-BHnpu3xRdppDGYlfiVbaPQ==","ACTIVE","108.75","4.9270835","96","","https://www.viator.com/tours/New-Orleans/Create-Your-Own-Perfume-Cologne/d675-374069P1?mcid=42383&pid=P00306962&medium=api&api_version=2.0","viator-only","","","","","Live on Viator; not present in current FareHarbor inventory."
"136094P9","New Orleans Bourbon Street Bar Crawl with Shots and Souvenir Cup","Crawl New Orleans","SUPPLIER-eX9c/HLpHysUU+n85Jl2vw==","ACTIVE","35","4.5416665","72","","https://www.viator.com/tours/New-Orleans/New-Orleans-Bourbon-Street-Bar-Crawl-w-Shots-and-Souvenir-Cup/d675-136094P9?mcid=42383&pid=P00306962&medium=api&api_version=2.0","viator-only","","","","","Live on Viator; not present in current FareHarbor inventory."
"115274P1","Destrehan Plantation Tour","Destrehan Plantation","SUPPLIER-WzqBlzTb/36FEezQNhB09Q==","ACTIVE","29.7","4.8152175","552","","https://www.viator.com/tours/New-Orleans/Destrehan-Plantation/d675-115274P1?mcid=42383&pid=P00306962&medium=api&api_version=2.0","viator-only","","","","","Live on Viator; not present in current FareHarbor inventory."
"7957P18","Adults Only Ghost and Vampire Walking Tour in New Orleans","French Quarter Phantoms","SUPPLIER-wblk3oxrTXZD/Riq4/5vBg==","ACTIVE","40","4.72093","43","","https://www.viator.com/tours/New-Orleans/Adults-Only-Ghost-and-Vampire-Walking-Tour-in-New-Orleans/d675-7957P18?mcid=42383&pid=P00306962&medium=api&api_version=2.0","viator-only","","","","","Live on Viator; not present in current FareHarbor inventory."
"3780P71","New Orleans Riverboat Jazz Brunch Cruise","Gray Line New Orleans","SUPPLIER-AIVIONkKdK8JLCRg2obcyw==","ACTIVE","43.5","5","1","","https://www.viator.com/tours/New-Orleans/2-Hour-CITY-of-NEW-ORLEANS-Riverboat-Brunch-Jazz-Cruise/d675-3780P71?mcid=42383&pid=P00306962&medium=api&api_version=2.0","both-confirmed","Gray Line New Orleans / New Orleans Steamboat Co.","neworleanssteamboatcompany","694782","1621347","Direct item match: FH ID 'city-of-new-orleans-riverboat-cruise' on 'neworleanssteamboatcompany' (Item: 694782, Flow: 1621347)"
"132425P3","Private Round-Trip Transfer New Orleans and Louis Armstrong MSY","Jazzy Limousine & Shuttle","SUPPLIER-9eIcJZth3v0zt7mD8ieSrQ==","ACTIVE","100","4.878788","33","","https://www.viator.com/tours/New-Orleans/Round-Trip-Private-Transfers-New-Orleans-and-Louis-Armstrong-MSY/d675-132425P3?mcid=42383&pid=P00306962&medium=api&api_version=2.0","viator-only","","","","","Live on Viator; not present in current FareHarbor inventory."
"427591P1","Private Tour and Seance at the House on Bourbon","Psychic Medium Marie","SUPPLIER-LfihGGvW5PSTplHxSwRtzA==","ACTIVE","175","4.6363635","55","","https://www.viator.com/tours/New-Orleans/Seance-At-The-House-on-Bourbon/d675-427591P1?mcid=42383&pid=P00306962&medium=api&api_version=2.0","viator-only","","","","","Live on Viator; not present in current FareHarbor inventory."
"6643PLANT","Houmas House Estate and Gardens Guided Tour","Houmas House Plantation and Gardens","SUPPLIER-m8WGg0BNUz1jyRC8AqbZoQ==","ACTIVE","38.33","4.6530304","660","","https://www.viator.com/tours/New-Orleans/Houmas-House-Plantation-Tour-with-Transportation/d675-6643PLANT?mcid=42383&pid=P00306962&medium=api&api_version=2.0","viator-only","","","","","Live on Viator; not present in current FareHarbor inventory."
"65766P2","Music Party Bike Ride","Party Bike Ride","SUPPLIER-P3GvQDHhN30B+dpmDk3dtg==","ACTIVE","48","4.574468","47","","https://www.viator.com/tours/New-Orleans/Light-Up-Bike-Party-Music-Ride/d675-65766P2?mcid=42383&pid=P00306962&medium=api&api_version=2.0","viator-only","","","","","Live on Viator; not present in current FareHarbor inventory."
"5545628P1","Airport and City Transfers in New Orleans","Supreme Lane","SUPPLIER-Vu0W+UZe35W/2cw29ss36Q==","ACTIVE","135","5","21","","https://www.viator.com/tours/New-Orleans/Airport-and-city-transfers-in-New-Orleans/d675-5545628P1?mcid=42383&pid=P00306962&medium=api&api_version=2.0","viator-only","","","","","Live on Viator; not present in current FareHarbor inventory."
"126578P8","Whitney Plantation Tour with New Orleans Hotel Pickup","CRESCENT CITY TOURS & TRANSPORTATION","SUPPLIER-ilr8RSd3kTRWaxU31m2p7Q==","ACTIVE","78","4.6558704","247","","https://www.viator.com/tours/New-Orleans/Whitney-plantation-Tour/d675-126578P8?mcid=42383&pid=P00306962&medium=api&api_version=2.0","viator-only","","","","","Live on Viator; not present in current FareHarbor inventory."
"2292NOCET","New Orleans Small-Group City and Cemetery Tour with Hotel Pickup","Tours by Isabelle","SUPPLIER-/SCgQegRelYc02enrvEGfg==","ACTIVE","96","4.669173","133","","https://www.viator.com/tours/New-Orleans/New-Orleans-Architectural-and-Sightseeing-Small-Group-Tour/d675-2292NOCET?mcid=42383&pid=P00306962&medium=api&api_version=2.0","viator-only","","","","","Live on Viator; not present in current FareHarbor inventory."
"276551P5","Beyond the French Quarter Bike Tour","Paved Paradise Bike Tours New Orleans","SUPPLIER-SGC+lICLwqvkJUFkwkB+yw==","ACTIVE","60","4.952381","21","","https://www.viator.com/tours/New-Orleans/City-Park-Creole-Bike-Tour/d675-276551P5?mcid=42383&pid=P00306962&medium=api&api_version=2.0","viator-only","","","","","Live on Viator; not present in current FareHarbor inventory."
"24382P4","Voodoo Queen of New Orleans Walking Tour","New Orleans Ghost Adventures","SUPPLIER-47KZT6ihrq1jS9v+gTOO6A==","ACTIVE","32","4.7137547","269","","https://www.viator.com/tours/New-Orleans/Voodoo-and-Cemetery-Tour/d675-24382P4?mcid=42383&pid=P00306962&medium=api&api_version=2.0","viator-only","","","","","Live on Viator; not present in current FareHarbor inventory."
"88100P10","Creole Queen Riverboat Weekend Jazz Brunch on Mississippi River","New Orleans Paddlewheels Inc.","SUPPLIER-HDHqlDdA6BooDyAZ8Jnt1w==","ACTIVE","80","4","11","","https://www.viator.com/tours/New-Orleans/Creole-Queen-Weekend-Jazz-Brunch-Cruise-on-the-Mississippi-River/d675-88100P10?mcid=42383&pid=P00306962&medium=api&api_version=2.0","viator-only","","","","","Live on Viator; not present in current FareHarbor inventory."
"338595P1","Private Transfer in New Orleans MSY/Home/Hotel/Work","Rover RSD LLC.  Transportation Services","SUPPLIER-mDzcGLk4SzdRrVki47kBig==","ACTIVE","60","4.758929","336","","https://www.viator.com/tours/New-Orleans/Airport-Pickup-and-Drop-off-Services/d675-338595P1?mcid=42383&pid=P00306962&medium=api&api_version=2.0","viator-only","","","","","Live on Viator; not present in current FareHarbor inventory."
"186622P2","New Orleans Seafood Bar Crawl","Treme Luxury Experience","SUPPLIER-KHkYeUkYk3seOTqxWFq8lQ==","ACTIVE","25","4.659794","97","","https://www.viator.com/tours/New-Orleans/New-Orleans-Seafood-Bar-Crawl/d675-186622P2?mcid=42383&pid=P00306962&medium=api&api_version=2.0","viator-only","","","","","Live on Viator; not present in current FareHarbor inventory."
"6830P3","NOLA Garden District and Gates of Lafayette Cemetery Tour","Historic New Orleans Tours","SUPPLIER-7U27aBkvcZeoF5aUwIl72g==","ACTIVE","25","4.720879","455","","https://www.viator.com/tours/New-Orleans/Garden-District-and-Lafayette-Cemetery-Tour/d675-6830P3?mcid=42383&pid=P00306962&medium=api&api_version=2.0","viator-only","","","","","Live on Viator; not present in current FareHarbor inventory."
"24048P2","The Ghosts of New Orleans Tour","Ghost City Tours in New Orleans","SUPPLIER-XMwDS1u0Ojq5ha9f4CIqmA==","ACTIVE","29.99","4.710125","721","","https://www.viator.com/tours/New-Orleans/The-Ghosts-of-New-Orleans-Tour/d675-24048P2?mcid=42383&pid=P00306962&medium=api&api_version=2.0","viator-only","","","","","Live on Viator; not present in current FareHarbor inventory."
"175552P7","Adults-Only Garden District, Cemetery & Anne Rice True Crime Tour","Hottest Hell Tours - Adults Only","SUPPLIER-capbir9Rey9vQ3F5w0nO2Q==","ACTIVE","34","5","34","","https://www.viator.com/tours/New-Orleans/Adults-Only-Garden-District-Cemetery-Anne-Rice-True-Crime-Tour/d675-175552P7?mcid=42383&pid=P00306962&medium=api&api_version=2.0","viator-only","","","","","Live on Viator; not present in current FareHarbor inventory."
"141126P1","New Orleans Swamp Boat Tour","Cajun Pride Swamp Tours","SUPPLIER-ah695t/3pUZ5JxgMe0brVQ==","ACTIVE","35","4.7297297","111","","https://www.viator.com/tours/New-Orleans/Drive-Out-Swamp-Tour/d675-141126P1?mcid=42383&pid=P00306962&medium=api&api_version=2.0","viator-only","","","","","Live on Viator; not present in current FareHarbor inventory."
"5589711P15","2026 The Creole Connection: Gumbo and Beyond in New Orleans","Culinary Backstreets","SUPPLIER-b7ZSMUAam7gwSHglkjzpOg==","ACTIVE","175","5","18","","https://www.viator.com/tours/New-Orleans/Roots-of-a-Creole-Kitchen-Gumbo-and-Beyond-in-New-Orleans/d675-5589711P15?mcid=42383&pid=P00306962&medium=api&api_version=2.0","viator-only","","","","","Live on Viator; not present in current FareHarbor inventory."
"6201CHOCOCHAMP","New Orleans VIP Sightseeing Flight with Champagne & Chocolates or Wine & Cheese","New Orleans Aerial Tours & Flight Training","SUPPLIER-oS/CtoUPSHXzMhVfTvS7iA==","ACTIVE","197.34","4.86","50","","https://www.viator.com/tours/New-Orleans/New-Orleans-VIP-Sightseeing-Flight-Including-Champagne-and-Chocolates-or-Wine-and-Cheese/d675-6201CHOCOCHAMP?mcid=42383&pid=P00306962&medium=api&api_version=2.0","viator-only","","","","","Live on Viator; not present in current FareHarbor inventory."
"64703P3","New Orleans Hands-on Brunch Class","The Mardi Gras School of Cooking","SUPPLIER-UI+RJAdC/w4dcpajZI4kxQ==","ACTIVE","153.85","4.96","25","","https://www.viator.com/tours/New-Orleans/New-Orleans-Brunch-Hands-On-Cooking-Class/d675-64703P3?mcid=42383&pid=P00306962&medium=api&api_version=2.0","viator-only","","","","","Live on Viator; not present in current FareHarbor inventory."
"9349P46","New Orleans Drunken Ghost and Vampire Tour +Paranormal Equipment!","New Orleans Drunk History Tours • Show Me New Orleans Tours","SUPPLIER-hqWPcDmLjss0qH0WgTLHdQ==","ACTIVE","22.55","4","57","","https://www.viator.com/tours/New-Orleans/French-Quarter-Drunken-Ghost-and-Vampire-Tour/d675-9349P46?mcid=42383&pid=P00306962&medium=api&api_version=2.0","viator-only","","","","","Live on Viator; not present in current FareHarbor inventory."
"8924P1","New Orleans City and Cemetery Bus Tour","New Orleans Native Tours - Day Tours","SUPPLIER-SgX3D4rsmw0dGDd9S+Sm/g==","ACTIVE","54.98","4.7316017","462","","https://www.viator.com/tours/New-Orleans/New-Orleans-City-and-Cemetery-Bus-Tour/d675-8924P1?mcid=42383&pid=P00306962&medium=api&api_version=2.0","viator-only","","","","","Live on Viator; not present in current FareHarbor inventory."
"365523P4","New Orleans Jazz Walking Tour","Tours By NOLA - New Orleans Local Artists","SUPPLIER-xWuyzCDktOlBLkIDWT0ntQ==","ACTIVE","35","4.8867927","106","","https://www.viator.com/tours/New-Orleans/New-Orleans-Jazz-Walking-Tour/d675-365523P4?mcid=42383&pid=P00306962&medium=api&api_version=2.0","viator-only","","","","","Live on Viator; not present in current FareHarbor inventory."
"3780COMBOCUL","New Orleans Cooking Class and Cocktail Walking Tour","Gray Line New Orleans","SUPPLIER-AIVIONkKdK8JLCRg2obcyw==","ACTIVE","105.5","4.4583335","120","","https://www.viator.com/tours/New-Orleans/New-Orleans-Culinary-and-Cocktail-Walking-Tour/d675-3780COMBOCUL?mcid=42383&pid=P00306962&medium=api&api_version=2.0","possible-match-needs-review","Gray Line New Orleans / New Orleans Steamboat Co.","neworleanssteamboatcompany","","","Operator is on FareHarbor under 'neworleanssteamboatcompany', but this specific tour code is not yet item-mapped."
"7957P10","Garden District Home and History Walking Tour","French Quarter Phantoms","SUPPLIER-wblk3oxrTXZD/Riq4/5vBg==","ACTIVE","26","4.9190645","556","","https://www.viator.com/tours/New-Orleans/Garden-District-Tour/d675-7957P10?mcid=42383&pid=P00306962&medium=api&api_version=2.0","viator-only","","","","","Live on Viator; not present in current FareHarbor inventory."
"21752P1","New Orleans Food Walking Tour","Taste of Nawlins Culinary History Tour","SUPPLIER-obN5bzQDuW5TKqyUC4kzwQ==","ACTIVE","35.2","4.4170856","199","","https://www.viator.com/tours/New-Orleans/A-culinary-history-tour/d675-21752P1?mcid=42383&pid=P00306962&medium=api&api_version=2.0","viator-only","","","","","Live on Viator; not present in current FareHarbor inventory."
"91161P3","New Orleans Garden District Food and History Tour","Bon Moment NOLA","SUPPLIER-gRRUIHgjTtascOF8c9jcxw==","ACTIVE","98","4.857143","56","","https://www.viator.com/tours/New-Orleans/Garden-District-Food-and-History-Tour/d675-91161P3?mcid=42383&pid=P00306962&medium=api&api_version=2.0","viator-only","","","","","Live on Viator; not present in current FareHarbor inventory."
"141126P4","Oak Alley or St. Joseph Plantation with Shuttle From New Orleans","Cajun Pride Swamp Tours","SUPPLIER-ah695t/3pUZ5JxgMe0brVQ==","ACTIVE","75","4.1666665","6","","https://www.viator.com/tours/New-Orleans/One-Plantation-Tour-with-Hotel-Pick-Up/d675-141126P4?mcid=42383&pid=P00306962&medium=api&api_version=2.0","viator-only","","","","","Live on Viator; not present in current FareHarbor inventory."
"7632P3","New Orleans Highlights of the Garden District Walking Tour","Two Chicks Walking Tours","SUPPLIER-yPrhbDGjGigB+pO0K76f5w==","ACTIVE","37","4.9226713","569","","https://www.viator.com/tours/New-Orleans/Garden-District-Grandeur/d675-7632P3?mcid=42383&pid=P00306962&medium=api&api_version=2.0","viator-only","","","","","Live on Viator; not present in current FareHarbor inventory."
"5631565P7","New Orleans Boat Cruise and Cajun Seafood Boil Experience","Beyond The French Quarter","SUPPLIER-Lsu8IqeHUTVNt2kfAqqgNQ==","ACTIVE","140","5","5","","https://www.viator.com/tours/New-Orleans/Cajun-Seafood-Boil-Experience-in-New-Orleans/d675-5631565P7?mcid=42383&pid=P00306962&medium=api&api_version=2.0","viator-only","","","","","Live on Viator; not present in current FareHarbor inventory."
"22050P2","Small-Group Manchac Swamp Kayak Tour","New Orleans Kayak Swamp Tours","SUPPLIER-CN3etwHlngDFw8ce4fY4dQ==","ACTIVE","90","4.8752513","994","","https://www.viator.com/tours/New-Orleans/Manchac-Mystic-Wildlife-Kayak-Tour/d675-22050P2?mcid=42383&pid=P00306962&medium=api&api_version=2.0","viator-only","","","","","Live on Viator; not present in current FareHarbor inventory."
"276551P2","New Orleans City Bike Tour","Paved Paradise Bike Tours New Orleans","SUPPLIER-SGC+lICLwqvkJUFkwkB+yw==","ACTIVE","60","4.890909","165","","https://www.viator.com/tours/New-Orleans/Garden-District-and-French-Quarter-Bike-Tour/d675-276551P2?mcid=42383&pid=P00306962&medium=api&api_version=2.0","viator-only","","","","","Live on Viator; not present in current FareHarbor inventory."
"255730P272","Welcome to New Orleans: Private Half-Day Highlights Walking Tour","Travel Curious","SUPPLIER-8t95a5TDQCjWIEcoS7Se+g==","ACTIVE","175","5","1","","https://www.viator.com/tours/New-Orleans/Private-Family-Friendly-Tour-of-Gaudis-Barcelona/d675-255730P272?mcid=42383&pid=P00306962&medium=api&api_version=2.0","viator-only","","","","","Live on Viator; not present in current FareHarbor inventory."
"58347P1","New Orleans Heart of the City Bicycle Tour","Flambeaux Bicycle Tours","SUPPLIER-XRJK8q5b43rHmXCy/j9GCQ==","ACTIVE","55","4.986607","224","","https://www.viator.com/tours/New-Orleans/Heart-of-the-City-Bicycle-Tour/d675-58347P1?mcid=42383&pid=P00306962&medium=api&api_version=2.0","viator-only","","","","","Live on Viator; not present in current FareHarbor inventory."
"59529P10","Murder Mystery by Killer Theater","Spectral City Tours","SUPPLIER-dAzOHf+DKLrMYB8gVkrQxQ==","ACTIVE","30","4.645161","31","","https://www.viator.com/tours/New-Orleans/Test/d675-59529P10?mcid=42383&pid=P00306962&medium=api&api_version=2.0","viator-only","","","","","Live on Viator; not present in current FareHarbor inventory."
"49992P4","Spooky Family-Friendly Ghost Tour in New Orleans","Unique NOLA","SUPPLIER-yeL4oePg1WmcZId9AOTguw==","ACTIVE","37","4.74569","232","","https://www.viator.com/tours/New-Orleans/Family-Friendly-Spooky-Ghost-Tour/d675-49992P4?mcid=42383&pid=P00306962&medium=api&api_version=2.0","viator-only","","","","","Live on Viator; not present in current FareHarbor inventory."
"15200P14","Oak Alley Plantation and New Orleans City and Cemetery Tour","Louisiana Tour company","SUPPLIER-8uzrrU87wFWL6UuPGaaAkw==","ACTIVE","125","4.051282","39","","https://www.viator.com/tours/New-Orleans/Oak-Alley-Plantation-and-3-hour-City-Tour/d675-15200P14?mcid=42383&pid=P00306962&medium=api&api_version=2.0","viator-only","","","","","Live on Viator; not present in current FareHarbor inventory."
"64332P7","New Orleans Cemetery and Paranormal Investigation Bus Tour","NOLA GhostRiders","SUPPLIER-ODu+cYHhAXmF5xbqwDTQ2A==","ACTIVE","35","4.151515","99","","https://www.viator.com/tours/New-Orleans/Night-Cemetery-and-Ghost-Hunt-Bus-Tour-Paranormal-Investigation/d675-64332P7?mcid=42383&pid=P00306962&medium=api&api_version=2.0","viator-only","","","","","Live on Viator; not present in current FareHarbor inventory."
"380141P3","Swamp - Eco - Cruise","Gulf Coast Eco Tour","SUPPLIER-vayNpovIOuPCLNFEcONQMA==","ACTIVE","79","","0","","https://www.viator.com/tours/New-Orleans/River-Cruise-to-The-Swamp-Walk-Tour/d675-380141P3?mcid=42383&pid=P00306962&medium=api&api_version=2.0","viator-only","","","","","Live on Viator; not present in current FareHarbor inventory."
"6205P19","New Orleans Small-Group Food Walking Tour and Cooking Class","Destination Kitchen","SUPPLIER-5Q+tEMqLTG5mM2OnOIZUCQ==","ACTIVE","117","4.888889","63","","https://www.viator.com/tours/New-Orleans/New-Orleans-Food-Walking-Tour-and-Cooking-Class/d675-6205P19?mcid=42383&pid=P00306962&medium=api&api_version=2.0","viator-only","","","","","Live on Viator; not present in current FareHarbor inventory."
"64332P10","New Orleans Haunted Ghost Tour: Explore The Paranormal","NOLA GhostRiders","SUPPLIER-ODu+cYHhAXmF5xbqwDTQ2A==","ACTIVE","15","4.321429","28","","https://www.viator.com/tours/New-Orleans/Haunted-Ghost-Tour-Explore-The-Paranormal/d675-64332P10?mcid=42383&pid=P00306962&medium=api&api_version=2.0","viator-only","","","","","Live on Viator; not present in current FareHarbor inventory."
"366065P2","Movie and TV Show Tour of New Orleans","Hollywood South Tours","SUPPLIER-0iYl6zkgZA8deRtDkbNYtg==","ACTIVE","30","4.901961","153","","https://www.viator.com/tours/New-Orleans/Blood-Moon-Tours/d675-366065P2?mcid=42383&pid=P00306962&medium=api&api_version=2.0","viator-only","","","","","Live on Viator; not present in current FareHarbor inventory."
"15225P13","French Quarter Walking Food Tour: Signature Tastes of New Orleans","Tastebud Tours","SUPPLIER-7x6XbaFYUtRX2E87lmg9EQ==","ACTIVE","80","4.7699113","678","","https://www.viator.com/tours/New-Orleans/Famous-Tastes-for-New-Orleans-Food-Tour/d675-15225P13?mcid=42383&pid=P00306962&medium=api&api_version=2.0","viator-only","","","","","Live on Viator; not present in current FareHarbor inventory."
"2292WEST","Small-Group Laura and Whitney Plantation Tour from New Orleans","Tours by Isabelle","SUPPLIER-/SCgQegRelYc02enrvEGfg==","ACTIVE","159","4.654088","477","","https://www.viator.com/tours/New-Orleans/Small-Group-Tour-of-Whitney-and-Laura-Plantation-from-New-Orleans/d675-2292WEST?mcid=42383&pid=P00306962&medium=api&api_version=2.0","viator-only","","","","","Live on Viator; not present in current FareHarbor inventory."
"102024P3","Pirates of the Quarter Tours","Pirates of the Quarter Tours","SUPPLIER-ceIVBU8MHm0XFEMwJiHE9Q==","ACTIVE","38","4.9591837","147","","https://www.viator.com/tours/New-Orleans/Pirates-of-the-Quarter-Tours/d675-102024P3?mcid=42383&pid=P00306962&medium=api&api_version=2.0","viator-only","","","","","Live on Viator; not present in current FareHarbor inventory."
"67615P1","French Quarter Ghosts and Ghouls of New Orleans","New Orleans Ghosts By Us Ghost Adventures","SUPPLIER-XXSuSoEzftk2tmlRErvgaA==","ACTIVE","26","4.7891893","185","","https://www.viator.com/tours/New-Orleans/Haunted-New-Orleans-Ghost-Tour/d675-67615P1?mcid=42383&pid=P00306962&medium=api&api_version=2.0","viator-only","","","","","Live on Viator; not present in current FareHarbor inventory."
"155186P11","New Orleans Psychic Reading, Haunted Museum, Voodoo Doll Making +","Bloody Mary's  Tours","SUPPLIER-6Np3bwZuRlrwYaPggxnk0Q==","ACTIVE","99","5","3","","https://www.viator.com/tours/New-Orleans/Mystic-New-Orleans-Combo-Reading-Haunted-tour-Voodoo-Doll/d675-155186P11?mcid=42383&pid=P00306962&medium=api&api_version=2.0","viator-only","","","","","Live on Viator; not present in current FareHarbor inventory."
"22050P3","Whitney Plantation and Manchac Swamp Kayak Tour Combo","New Orleans Kayak Swamp Tours","SUPPLIER-CN3etwHlngDFw8ce4fY4dQ==","ACTIVE","199","4.9545455","44","","https://www.viator.com/tours/New-Orleans/Whitney-Plantation-and-Manchac-Swamp-Kayak-Tour-Combo/d675-22050P3?mcid=42383&pid=P00306962&medium=api&api_version=2.0","viator-only","","","","","Live on Viator; not present in current FareHarbor inventory."
"102024P5","Pirate Pub Crawl in New Orleans","Pirates of the Quarter Tours","SUPPLIER-ceIVBU8MHm0XFEMwJiHE9Q==","ACTIVE","40","5","2","","https://www.viator.com/tours/New-Orleans/Pirate-Pub-Crawl/d675-102024P5?mcid=42383&pid=P00306962&medium=api&api_version=2.0","viator-only","","","","","Live on Viator; not present in current FareHarbor inventory."
"13179P2","New Orleans Private Custom City Tour with St. Louis Cemetery No 3","Alert transportation llc","SUPPLIER-/2RTuUvUfkfoIySgh1/Ngg==","ACTIVE","640","5","6","","https://www.viator.com/tours/New-Orleans/Private-New-Orleans-City-Tour/d675-13179P2?mcid=42383&pid=P00306962&medium=api&api_version=2.0","viator-only","","","","","Live on Viator; not present in current FareHarbor inventory."
"353780P1","Black History & Tremè Neighborhood Walking Tour","Anansi's Daughters","SUPPLIER-iCy0BKyT8RKSaKKJ20rb1A==","ACTIVE","40","5","65","","https://www.viator.com/tours/New-Orleans/Authentic-New-Orleans-Walking-Tours/d675-353780P1?mcid=42383&pid=P00306962&medium=api&api_version=2.0","viator-only","","","","","Live on Viator; not present in current FareHarbor inventory."
"413205P2","New Orleans Original True Crime Pub Crawl","Mad Cat Tours New Orleans","SUPPLIER-7JtVasBfrX7GN0TY99vOmQ==","ACTIVE","29.99","5","11","","https://www.viator.com/tours/New-Orleans/New-Orleans-Original-True-Crime-Pub-Crawl/d675-413205P2?mcid=42383&pid=P00306962&medium=api&api_version=2.0","viator-only","","","","","Live on Viator; not present in current FareHarbor inventory."
"24048P5","New Orleans Haunted Pub Crawl: Ghosts & French Quarter Nightlife","Ghost City Tours in New Orleans","SUPPLIER-XMwDS1u0Ojq5ha9f4CIqmA==","ACTIVE","34.99","4.5284553","123","","https://www.viator.com/tours/New-Orleans/New-Orleans-Haunted-Pub-Crawl/d675-24048P5?mcid=42383&pid=P00306962&medium=api&api_version=2.0","viator-only","","","","","Live on Viator; not present in current FareHarbor inventory."
"327929P2","New Orleans Metairie Cemetery Tour: Millionaires and Mausoleums","Red Sash Tours","SUPPLIER-wYuwdu3FRCAHCo5NKM1TZg==","ACTIVE","35","4.9692307","325","","https://www.viator.com/tours/New-Orleans/Metairie-Cemetery-Walking-Tour-New-Orleans/d675-327929P2?mcid=42383&pid=P00306962&medium=api&api_version=2.0","viator-only","","","","","Live on Viator; not present in current FareHarbor inventory."
"7957P4","Adults Only Raunchy French Quarter History Tour","French Quarter Phantoms","SUPPLIER-wblk3oxrTXZD/Riq4/5vBg==","ACTIVE","21","4.7310343","145","","https://www.viator.com/tours/New-Orleans/Saints-and-Sinners-Walking-Tour-in-New-Orleans/d675-7957P4?mcid=42383&pid=P00306962&medium=api&api_version=2.0","viator-only","","","","","Live on Viator; not present in current FareHarbor inventory."
"221483P4","Hidden History of New Orleans' Garden District","Tours by Foot New Orleans","SUPPLIER-9EY+OO+RYW1BahARS7jMww==","ACTIVE","49","4.92","25","","https://www.viator.com/tours/New-Orleans/Garden-District-Tour/d675-221483P4?mcid=42383&pid=P00306962&medium=api&api_version=2.0","viator-only","","","","","Live on Viator; not present in current FareHarbor inventory."
"310145P2","New Orleans Guided Kayak Swamp Tour","Zip NOLA","SUPPLIER-4wQ7zoWU1VnjeTuQWoIdRA==","ACTIVE","49","4.952381","21","","https://www.viator.com/tours/New-Orleans/Guided-kayak-tour-through-the-legendary-Maurepas-Swamp/d675-310145P2?mcid=42383&pid=P00306962&medium=api&api_version=2.0","viator-only","","","","","Live on Viator; not present in current FareHarbor inventory."
"24048P3","The Bad Broads Tour of New Orleans - Rebels, Scandals & Secrets","Ghost City Tours in New Orleans","SUPPLIER-XMwDS1u0Ojq5ha9f4CIqmA==","ACTIVE","34.99","4.92053","302","","https://www.viator.com/tours/New-Orleans/The-Bad-Broads-Tour-of-New-Orleans/d675-24048P3?mcid=42383&pid=P00306962&medium=api&api_version=2.0","viator-only","","","","","Live on Viator; not present in current FareHarbor inventory."
"5889P17","Eras of New Orleans: A History Lover's Walking Tour","Witches Brew Tours","SUPPLIER-O7HfB6f8jsdGQRyiBv89ZQ==","ACTIVE","36.99","4.743902","82","","https://www.viator.com/tours/New-Orleans/New-Orleans-No-Nonsense-Walking-Tour-for-History-Lovers/d675-5889P17?mcid=42383&pid=P00306962&medium=api&api_version=2.0","viator-only","","","","","Live on Viator; not present in current FareHarbor inventory."
"21752P8","Haunted French Quarter Original Cocktail Tour","Taste of Nawlins Culinary History Tour","SUPPLIER-obN5bzQDuW5TKqyUC4kzwQ==","ACTIVE","22","4.929412","85","","https://www.viator.com/tours/New-Orleans/French-Quarter-Original-Cocktail-Walking-Tour/d675-21752P8?mcid=42383&pid=P00306962&medium=api&api_version=2.0","viator-only","","","","","Live on Viator; not present in current FareHarbor inventory."
"57954P4","New Orleans French Quarter and Garden District Bike Tour","Buzz Nola Tours","SUPPLIER-k6DMCUJHSgN5TGOag+MgeQ==","ACTIVE","55","4.927107","439","","https://www.viator.com/tours/New-Orleans/Garden-Distric-French-Quarter-Combo-Bike-Tour/d675-57954P4?mcid=42383&pid=P00306962&medium=api&api_version=2.0","viator-only","","","","","Live on Viator; not present in current FareHarbor inventory."
"158350P8","The Escape Game at the French Quarter in New Orleans","The Escape Game New Orleans","SUPPLIER-oqXzidm4/S0jw2nBAkDNhw==","ACTIVE","42.99","4.9815125","595","","https://www.viator.com/tours/New-Orleans/The-Escape-Game-New-Orleans-Epic-60-Minute-Adventures/d675-158350P8?mcid=42383&pid=P00306962&medium=api&api_version=2.0","viator-only","","","","","Live on Viator; not present in current FareHarbor inventory."
"358168P1","New Orleans: Voodoo, Ghost, Murder, True Crime, & Vampire Tour","Junket: New Orleans Tours and Premium Experiences","SUPPLIER-ado9WJUcCJbGTHzB5YzRpQ==","ACTIVE","26","5","1","","https://www.viator.com/tours/New-Orleans/New-Orleans-Voodoo-Ghost-Murder-True-Crime-Vampire/d675-358168P1?mcid=42383&pid=P00306962&medium=api&api_version=2.0","viator-only","","","","","Live on Viator; not present in current FareHarbor inventory."
"289336P3","Garden District and Gates of Lafayette Cemetery Walking Tour","NOLA Historic Tours","SUPPLIER-EtS6oxZIwlAU4H0NE19TzQ==","ACTIVE","25","4.634286","175","","https://www.viator.com/tours/New-Orleans/Garden-District-Lafayette-Cemetery-1-Tour/d675-289336P3?mcid=42383&pid=P00306962&medium=api&api_version=2.0","viator-only","","","","","Live on Viator; not present in current FareHarbor inventory."
"7957P15","New Orleans French Quarter and Voodoo History Walking Tour","French Quarter Phantoms","SUPPLIER-wblk3oxrTXZD/Riq4/5vBg==","ACTIVE","21","4.8580246","162","","https://www.viator.com/tours/New-Orleans/French-Quarter-History-and-Voodoo-Tour/d675-7957P15?mcid=42383&pid=P00306962&medium=api&api_version=2.0","viator-only","","","","","Live on Viator; not present in current FareHarbor inventory."
"5609039P1","Luxury Private Car Service in New Orleans","Nola-Transportaion","SUPPLIER-nn/UZzns6kChDqIe/00Okg==","ACTIVE","70","","0","","https://www.viator.com/tours/New-Orleans/Luxury-Private-Car-Service-in-New-Orleans/d675-5609039P1?mcid=42383&pid=P00306962&medium=api&api_version=2.0","viator-only","","","","","Live on Viator; not present in current FareHarbor inventory."
"5889P16","New Orleans Historic Cemetery Walking Tour","Witches Brew Tours","SUPPLIER-O7HfB6f8jsdGQRyiBv89ZQ==","ACTIVE","36.99","4.8883247","197","","https://www.viator.com/tours/New-Orleans/New-Orleans-Cemetery-Insiders-Walking-Tour/d675-5889P16?mcid=42383&pid=P00306962&medium=api&api_version=2.0","viator-only","","","","","Live on Viator; not present in current FareHarbor inventory."
"3780SUPER","New Orleans in a Day: Includes 75-Minute Riverboat Cruise","Gray Line New Orleans","SUPPLIER-AIVIONkKdK8JLCRg2obcyw==","ACTIVE","84.15","4.47651","447","","https://www.viator.com/tours/New-Orleans/New-Orleans-City-Bus-Tour/d675-3780SUPER?mcid=42383&pid=P00306962&medium=api&api_version=2.0","possible-match-needs-review","Gray Line New Orleans / New Orleans Steamboat Co.","neworleanssteamboatcompany","","","Operator is on FareHarbor under 'neworleanssteamboatcompany', but this specific tour code is not yet item-mapped."
"118324P1","New Orleans Pedicab French Quarter Tour","Need A Ride Pedicabs","SUPPLIER-/VTlU+hK9Kruvnfv/3ksFQ==","ACTIVE","150","4.8095236","21","","https://www.viator.com/tours/New-Orleans/New-Orleans-Pedicab-French-Quarter-Tour/d675-118324P1?mcid=42383&pid=P00306962&medium=api&api_version=2.0","viator-only","","","","","Live on Viator; not present in current FareHarbor inventory."
"49992P10","New Orleans Pestilence, Pandemic and Plague Tour","Unique NOLA","SUPPLIER-yeL4oePg1WmcZId9AOTguw==","ACTIVE","37","4.939394","33","","https://www.viator.com/tours/New-Orleans/Pestilence-Pandemic-and-Plague-Tour/d675-49992P10?mcid=42383&pid=P00306962&medium=api&api_version=2.0","viator-only","","","","","Live on Viator; not present in current FareHarbor inventory."
"6830NOLAWALK","New Orleans French Quarter Walking and History Tour","Historic New Orleans Tours","SUPPLIER-7U27aBkvcZeoF5aUwIl72g==","ACTIVE","29","4.6217103","304","","https://www.viator.com/tours/New-Orleans/French-Quarter-History-Tour/d675-6830NOLAWALK?mcid=42383&pid=P00306962&medium=api&api_version=2.0","viator-only","","","","","Live on Viator; not present in current FareHarbor inventory."
"64332P11","Night Cemetery Insiders Bus Tour in New Orleans","NOLA GhostRiders","SUPPLIER-ODu+cYHhAXmF5xbqwDTQ2A==","ACTIVE","30","4.2272725","22","","https://www.viator.com/tours/New-Orleans/Cemetery-Insiders-Tour-With-Transportation/d675-64332P11?mcid=42383&pid=P00306962&medium=api&api_version=2.0","viator-only","","","","","Live on Viator; not present in current FareHarbor inventory."
"9349P23","New Orleans Drunk History Tour","New Orleans Drunk History Tours • Show Me New Orleans Tours","SUPPLIER-hqWPcDmLjss0qH0WgTLHdQ==","ACTIVE","21","4.3082705","133","","https://www.viator.com/tours/New-Orleans/New-Orleans-Drunk-History-Tour/d675-9349P23?mcid=42383&pid=P00306962&medium=api&api_version=2.0","viator-only","","","","","Live on Viator; not present in current FareHarbor inventory."
"107194P176","New Orleans French Quarter: Stolen Art Puzzle Adventure","Questo","SUPPLIER-3Cg9l6wA7TIL5vwdjq5Sew==","ACTIVE","6.31","3.857143","7","","https://www.viator.com/tours/New-Orleans/New-Orleans-Historic-French-Quarter-Exploration-Game/d675-107194P176?mcid=42383&pid=P00306962&medium=api&api_version=2.0","viator-only","","","","","Live on Viator; not present in current FareHarbor inventory."
"7957P8","New Orleans Treme' Walking Tour","French Quarter Phantoms","SUPPLIER-wblk3oxrTXZD/Riq4/5vBg==","ACTIVE","20.5","4.9049296","284","","https://www.viator.com/tours/New-Orleans/10am-Treme-Tour/d675-7957P8?mcid=42383&pid=P00306962&medium=api&api_version=2.0","viator-only","","","","","Live on Viator; not present in current FareHarbor inventory."
"64332P1","Haunted Ghost and Paranormal Tour in New Orleans","NOLA GhostRiders","SUPPLIER-ODu+cYHhAXmF5xbqwDTQ2A==","ACTIVE","15","4.47","100","","https://www.viator.com/tours/New-Orleans/Haunted-Ghost-and-Paranormal-Tour-in-New-Orleans/d675-64332P1?mcid=42383&pid=P00306962&medium=api&api_version=2.0","viator-only","","","","","Live on Viator; not present in current FareHarbor inventory."
"52202P2","New Orleans French Quarter Architecture Walking Tour","NOLA Tours","SUPPLIER-xm4ocQq84RNzOXu3ufD1oA==","ACTIVE","40","4.9270515","329","","https://www.viator.com/tours/New-Orleans/French-Quarter-Architecture-Walking-Tour/d675-52202P2?mcid=42383&pid=P00306962&medium=api&api_version=2.0","viator-only","","","","","Live on Viator; not present in current FareHarbor inventory."
"5889COMBO","New Orleans French Quarter, Voodoo and Culture Walking Tour","Witches Brew Tours","SUPPLIER-O7HfB6f8jsdGQRyiBv89ZQ==","ACTIVE","37.99","4.700531","3012","","https://www.viator.com/tours/New-Orleans/New-Orleans-City-of-the-Dead-No-1-Cemetery-Tour/d675-5889COMBO?mcid=42383&pid=P00306962&medium=api&api_version=2.0","viator-only","","","","","Live on Viator; not present in current FareHarbor inventory."
"49992P5","New Orleans True Murder Tour: Sinister Criminal Intentions","Unique NOLA","SUPPLIER-yeL4oePg1WmcZId9AOTguw==","ACTIVE","37","4.8546195","736","","https://www.viator.com/tours/New-Orleans/Sinister-Criminal-Intentions-True-Crime-Tour/d675-49992P5?mcid=42383&pid=P00306962&medium=api&api_version=2.0","viator-only","","","","","Live on Viator; not present in current FareHarbor inventory."
"44093P2","French Quarter Walking Tour With Comp 1850 House Museum Admission","Friends of the Cabildo","SUPPLIER-F/pMCSZc8+oL8qkvVTrm7w==","ACTIVE","30","4.8920455","880","","https://www.viator.com/tours/New-Orleans/Friends-of-the-Cabildo-French-Quarter-Walking-Tour/d675-44093P2?mcid=42383&pid=P00306962&medium=api&api_version=2.0","viator-only","","","","","Live on Viator; not present in current FareHarbor inventory."
"5503458P1","New Orleans Creole History and Culture Ride","A Street Tour Named Desire","SUPPLIER-rT6P4cqUML4UI5gUQi6oDw==","ACTIVE","55","5","63","","https://www.viator.com/tours/New-Orleans/New-Orleans-Creole-History-and-Culture-Ride/d675-5503458P1?mcid=42383&pid=P00306962&medium=api&api_version=2.0","viator-only","","","","","Live on Viator; not present in current FareHarbor inventory."
"258973P1","Dark History Tour In New Orleans","Jonathan Weiss Tours","SUPPLIER-wIuE11WwW8bCRd104uu0mw==","ACTIVE","30","4.625","80","","https://www.viator.com/tours/New-Orleans/Dark-History-Tour/d675-258973P1?mcid=42383&pid=P00306962&medium=api&api_version=2.0","viator-only","","","","","Live on Viator; not present in current FareHarbor inventory."
"114521P1","New Orleans Street Art and Graffiti Tour","NOLA Art Walk","SUPPLIER-HSTNc9SnsAa9ZCEDqWYgsg==","ACTIVE","36.77","4.9261746","149","","https://www.viator.com/tours/New-Orleans/Instagram-Art-Walk-ft-Banksy/d675-114521P1?mcid=42383&pid=P00306962&medium=api&api_version=2.0","viator-only","","","","","Live on Viator; not present in current FareHarbor inventory."
"118708P8","True Crime Tour in New Orleans","Tour Orleans","SUPPLIER-QzUaTzlKSdn2hQZii8zaLQ==","ACTIVE","37","4.8809524","84","","https://www.viator.com/tours/New-Orleans/True-Crime-Pub-Crawl/d675-118708P8?mcid=42383&pid=P00306962&medium=api&api_version=2.0","viator-only","","","","","Live on Viator; not present in current FareHarbor inventory."
"64332P3","Haunted Drunken History Tour from New Orleans","NOLA GhostRiders","SUPPLIER-ODu+cYHhAXmF5xbqwDTQ2A==","ACTIVE","24","4.807947","151","","https://www.viator.com/tours/New-Orleans/Drunken-History-Tour-in-New-Orleans/d675-64332P3?mcid=42383&pid=P00306962&medium=api&api_version=2.0","viator-only","","","","","Live on Viator; not present in current FareHarbor inventory."
"5534700P1","French Quarter Tour with Local Guide and Creole Stories","Brown Flavor Tours LLC","SUPPLIER-QoOcJSKN3NyigLyFzBXkCQ==","ACTIVE","49","5","17","","https://www.viator.com/tours/New-Orleans/New-Orleans-French-Quarter-Multilingual-Tour/d675-5534700P1?mcid=42383&pid=P00306962&medium=api&api_version=2.0","viator-only","","","","","Live on Viator; not present in current FareHarbor inventory."
"275994P2","Luxury SUV Transfer from Hotel or Cruise port to MSY Aiport","NOLA CAR SERVICE","SUPPLIER-1prsOoWInBRSIHW9FblpKA==","ACTIVE","110","4.4117646","119","","https://www.viator.com/tours/New-Orleans/Luxury-SUV-Transfer-from-New-Orleans-International-Airport/d675-275994P2?mcid=42383&pid=P00306962&medium=api&api_version=2.0","viator-only","","","","","Live on Viator; not present in current FareHarbor inventory."
"57954P2","New Orleans History and Sightseeing Small-Group Bike Tour","Buzz Nola Tours","SUPPLIER-k6DMCUJHSgN5TGOag+MgeQ==","ACTIVE","55","4.9690266","226","","https://www.viator.com/tours/New-Orleans/Complete-Crescent-Bike-Tour-in-New-Orleans/d675-57954P2?mcid=42383&pid=P00306962&medium=api&api_version=2.0","viator-only","","","","","Live on Viator; not present in current FareHarbor inventory."
"126578P9","Oak Alley Plantation Tour with Hotel Pickup","CRESCENT CITY TOURS & TRANSPORTATION","SUPPLIER-ilr8RSd3kTRWaxU31m2p7Q==","ACTIVE","78","4.1904764","42","","https://www.viator.com/tours/New-Orleans/Oak-Alley-Plantation-Tour/d675-126578P9?mcid=42383&pid=P00306962&medium=api&api_version=2.0","viator-only","","","","","Live on Viator; not present in current FareHarbor inventory."
"67615P3","Garden District Celebrities Cemeteries Mansions and Mysteries Walking Tour","New Orleans Ghosts By Us Ghost Adventures","SUPPLIER-XXSuSoEzftk2tmlRErvgaA==","ACTIVE","26","5","12","","https://www.viator.com/tours/New-Orleans/Garden-District-Celebrities-Cemeteries-Mansions-and-Mysteries-Tour/d675-67615P3?mcid=42383&pid=P00306962&medium=api&api_version=2.0","viator-only","","","","","Live on Viator; not present in current FareHarbor inventory."
"276551P3","New Orleans Garden District and Cemetery Bike Tour","Paved Paradise Bike Tours New Orleans","SUPPLIER-SGC+lICLwqvkJUFkwkB+yw==","ACTIVE","55","4.956731","208","","https://www.viator.com/tours/New-Orleans/New-Orleans-Garden-District-and-Cemetery-Tour/d675-276551P3?mcid=42383&pid=P00306962&medium=api&api_version=2.0","viator-only","","","","","Live on Viator; not present in current FareHarbor inventory."
"132425P7","Cruise Port Transfer New Orleans and Louis Armstrong Intl MSY","Jazzy Limousine & Shuttle","SUPPLIER-9eIcJZth3v0zt7mD8ieSrQ==","ACTIVE","50","4.3076925","13","","https://www.viator.com/tours/New-Orleans/Cruise-Port-Transfer-New-Orleans-and-Louis-Armstrong-Intl-MSY/d675-132425P7?mcid=42383&pid=P00306962&medium=api&api_version=2.0","viator-only","","","","","Live on Viator; not present in current FareHarbor inventory."
"6205P23","New Orleans Jazz History and People of Color Tour","Destination Kitchen","SUPPLIER-5Q+tEMqLTG5mM2OnOIZUCQ==","ACTIVE","25","4.6666665","3","","https://www.viator.com/tours/New-Orleans/New-Orleans-Black-History-and-Treme-Experience-History-Tour/d675-6205P23?mcid=42383&pid=P00306962&medium=api&api_version=2.0","viator-only","","","","","Live on Viator; not present in current FareHarbor inventory."
"8013P12","Destrehan Plantation Tour - Transportation & Lunch Included","Southern Style Tours and Transportation","SUPPLIER-bpdSmVMe+hjx77C93xRvhw==","ACTIVE","79","5","1","","https://www.viator.com/tours/New-Orleans/Destrehan-Plantation-With-Round-Trip-Transportation-From-New-Orleans/d675-8013P12?mcid=42383&pid=P00306962&medium=api&api_version=2.0","both-confirmed","Southern Style Tours","southernstyletours","83002","4344","Direct item match: FH ID 'southernstyle-plantation' on 'southernstyletours' (Item: 83002, Flow: 4344)"
"110804P808","St Louis Cemetery No.3 New Orleans Burial Tradition Audio Guide","VoiceMap Audio Tours","SUPPLIER-Eg8GuOnVczaVY9VcVmDxhg==","ACTIVE","8.99","3.25","4","","https://www.viator.com/tours/New-Orleans/New-Orleans-Burial-Traditions-St-Louis-Cemetery-No-3-Audio-Guide/d675-110804P808?mcid=42383&pid=P00306962&medium=api&api_version=2.0","viator-only","","","","","Live on Viator; not present in current FareHarbor inventory."
"52219P17","Ghost Stories and True Crime Walking Tour of the French Quarter","Lucky Bean Tours","SUPPLIER-9pIPxXJK9NHEBCl78l0GMw==","ACTIVE","33","4.913793","58","","https://www.viator.com/tours/New-Orleans/Ghost-Stories-and-True-Crime-of-the-French-Quarter/d675-52219P17?mcid=42383&pid=P00306962&medium=api&api_version=2.0","viator-only","","","","","Live on Viator; not present in current FareHarbor inventory."
"221483P3","Dark Side of New Orleans: French Quarter Ghost Tour","Tours by Foot New Orleans","SUPPLIER-9EY+OO+RYW1BahARS7jMww==","ACTIVE","39","4.8644066","59","","https://www.viator.com/tours/New-Orleans/French-Quarter-Ghost-Tour/d675-221483P3?mcid=42383&pid=P00306962&medium=api&api_version=2.0","viator-only","","","","","Live on Viator; not present in current FareHarbor inventory."
"5589833P1","St. Louis Cathedral: Exclusive Access & Guided Tour","Tour Patron","SUPPLIER-y7JpoiXLJ2Q7urH718MXiA==","ACTIVE","53.35","5","9","","https://www.viator.com/tours/New-Orleans/St-Louis-Cathedral-Exclusive-Access-and-Guided-Tour/d675-5589833P1?mcid=42383&pid=P00306962&medium=api&api_version=2.0","viator-only","","","","","Live on Viator; not present in current FareHarbor inventory."
"57954P3","Creole New Orleans Electric Bike Tour (ages 16 & up)","Buzz Nola Tours","SUPPLIER-k6DMCUJHSgN5TGOag+MgeQ==","ACTIVE","89","4.925311","241","","https://www.viator.com/tours/New-Orleans/Electric-Crescent-Electric-Bike-Tour-in-New-Orleans/d675-57954P3?mcid=42383&pid=P00306962&medium=api&api_version=2.0","viator-only","","","","","Live on Viator; not present in current FareHarbor inventory."
"3252P12","French Quarter True Crime Walking Tour","Haunted History Tours","SUPPLIER-xe2YbZ42ogLOrNtIzC5ybg==","ACTIVE","30","4.920904","354","","https://www.viator.com/tours/New-Orleans/New-Orleans-True-Crime-Tour/d675-3252P12?mcid=42383&pid=P00306962&medium=api&api_version=2.0","viator-only","","","","","Live on Viator; not present in current FareHarbor inventory."
"5516600P1","New Orleans Storyville Museum General Admission","New Orleans Storyville Museum","SUPPLIER-1Zf6FONH2mVz2Agno0Re6g==","ACTIVE","34.73","4.834862","109","","https://www.viator.com/tours/New-Orleans/New-Orleans-Storyville-Museum-All-Access-Pass/d675-5516600P1?mcid=42383&pid=P00306962&medium=api&api_version=2.0","viator-only","","","","","Live on Viator; not present in current FareHarbor inventory."
"9349P4","New Orleans Voodoo, Mystery, and Paranormal Tour","New Orleans Drunk History Tours • Show Me New Orleans Tours","SUPPLIER-hqWPcDmLjss0qH0WgTLHdQ==","ACTIVE","55","3.2857144","21","","https://www.viator.com/tours/New-Orleans/New-Orleans-Voodoo-Mystery-and-Paranormal-Tour/d675-9349P4?mcid=42383&pid=P00306962&medium=api&api_version=2.0","viator-only","","","","","Live on Viator; not present in current FareHarbor inventory."
"120103P10","St. Louis Cemetery No. 3 Walking Tour by Save Our Cemeteries","Save Our Cemeteries","SUPPLIER-kuAocYpU7KmbmuNHcnu3vw==","ACTIVE","25","4.820513","39","","https://www.viator.com/tours/New-Orleans/St-Louis-Cemetery-No-3-Walking-Tour/d675-120103P10?mcid=42383&pid=P00306962&medium=api&api_version=2.0","viator-only","","","","","Live on Viator; not present in current FareHarbor inventory."
"457527P1","Full Day Plantation and Swamp Tour in New Orleans","K's Luxury Transportation and Tours","SUPPLIER-dQUtYDI9OHYaAR3vfMtJFw==","ACTIVE","137.19","4.966292","89","","https://www.viator.com/tours/New-Orleans/Plantation-Swamp-Tour/d675-457527P1?mcid=42383&pid=P00306962&medium=api&api_version=2.0","viator-only","","","","","Live on Viator; not present in current FareHarbor inventory."
"177156P1","Urban Enslavement Tour at Hermann Grima House","Hermann-Grima House","SUPPLIER-3xWPYDk/CTMsw4za6JuFHg==","ACTIVE","20","4.7860465","215","","https://www.viator.com/tours/New-Orleans/Hermann-Grima-Historic-House-Guided-Tour/d675-177156P1?mcid=42383&pid=P00306962&medium=api&api_version=2.0","viator-only","","","","","Live on Viator; not present in current FareHarbor inventory."
"6205P18","New Orleans Small Group Garden District History and Architecture Tour","Destination Kitchen","SUPPLIER-5Q+tEMqLTG5mM2OnOIZUCQ==","ACTIVE","25","5","1","","https://www.viator.com/tours/New-Orleans/New-Orleans-Garden-District-History-and-Architecture-Tour/d675-6205P18?mcid=42383&pid=P00306962&medium=api&api_version=2.0","viator-only","","","","","Live on Viator; not present in current FareHarbor inventory."
"49992P9","Small Group Local's Guide to the French Quarter Tour","Unique NOLA","SUPPLIER-yeL4oePg1WmcZId9AOTguw==","ACTIVE","37","4.8431373","51","","https://www.viator.com/tours/New-Orleans/New-Orleans-French-Quarter-by-Night/d675-49992P9?mcid=42383&pid=P00306962&medium=api&api_version=2.0","viator-only","","","","","Live on Viator; not present in current FareHarbor inventory."
"136094P3","Crawl New Orleans: Haunted Pub Crawl and Ghost Tour","Crawl New Orleans","SUPPLIER-eX9c/HLpHysUU+n85Jl2vw==","ACTIVE","27","4.7909603","177","","https://www.viator.com/tours/New-Orleans/The-Haunted-CRAWL/d675-136094P3?mcid=42383&pid=P00306962&medium=api&api_version=2.0","viator-only","","","","","Live on Viator; not present in current FareHarbor inventory."
"9349P9","New Orleans Paranormal Investigation","New Orleans Drunk History Tours • Show Me New Orleans Tours","SUPPLIER-hqWPcDmLjss0qH0WgTLHdQ==","ACTIVE","22.75","3.857143","7","","https://www.viator.com/tours/New-Orleans/Private-VIP-5-in-1-Haunted-Excursion-Tour-in-the-world-famous-French-Quarter/d675-9349P9?mcid=42383&pid=P00306962&medium=api&api_version=2.0","viator-only","","","","","Live on Viator; not present in current FareHarbor inventory."
"76319P2","Go City: New Orleans All-Inclusive Pass with Over 25 Attractions","Go City | New Orleans","SUPPLIER-+IzR1g2JcxRkanul/JAPrQ==","ACTIVE","84","3.804878","82","","https://www.viator.com/tours/New-Orleans/New-Orleans-Power-Pass-with-Fast-Track-Entry/d675-76319P2?mcid=42383&pid=P00306962&medium=api&api_version=2.0","viator-only","","","","","Live on Viator; not present in current FareHarbor inventory."
"107194P645","New Orleans Murder Mystery Self-Guided City Detective Game","Questo","SUPPLIER-3Cg9l6wA7TIL5vwdjq5Sew==","ACTIVE","6.79","","0","","https://www.viator.com/tours/New-Orleans/New-Orleans-Murder-Mystery-Self-Guided-City-Detective-Game/d675-107194P645?mcid=42383&pid=P00306962&medium=api&api_version=2.0","viator-only","","","","","Live on Viator; not present in current FareHarbor inventory."
"6953P8","French Quarter Walking Ghost Tour of New Orleans","Cajun Encounters Tour Co.","SUPPLIER-Ls68Tv9wCH9YKPX1YdQD0g==","ACTIVE","32.36","4.568182","44","","https://www.viator.com/tours/New-Orleans/French-Quarter-Walking-Ghost-Tour-of-New-Orleans/d675-6953P8?mcid=42383&pid=P00306962&medium=api&api_version=2.0","possible-match-needs-review","","","","","Active on Viator (supplier ref SUPPLIER-Ls68Tv9wCH9YKPX1YdQD0g==); NO active FareHarbor item/flow ID configured in repository."
"5580367P1","Ghostly Legends of New Orleans Walking Tour","Dark Side Tours","SUPPLIER-C2zmUJe4s4acUm3YmTVKqg==","ACTIVE","19.99","5","4","","https://www.viator.com/tours/New-Orleans/Ghostly-Legends-of-New-Orleans/d675-5580367P1?mcid=42383&pid=P00306962&medium=api&api_version=2.0","viator-only","","","","","Live on Viator; not present in current FareHarbor inventory."
"126578P10","Laura Plantation Tour with Transportation","CRESCENT CITY TOURS & TRANSPORTATION","SUPPLIER-ilr8RSd3kTRWaxU31m2p7Q==","ACTIVE","78","4.631579","19","","https://www.viator.com/tours/New-Orleans/Laura-Plantation-Tour/d675-126578P10?mcid=42383&pid=P00306962&medium=api&api_version=2.0","viator-only","","","","","Live on Viator; not present in current FareHarbor inventory."
"110804P645","Self Guided Walking Tour of New Orleans' Historic Garden District","VoiceMap Audio Tours","SUPPLIER-Eg8GuOnVczaVY9VcVmDxhg==","ACTIVE","11.99","4.695652","23","","https://www.viator.com/tours/New-Orleans/Self-Guided-Walking-Tour-of-New-Orleans-Historic-Garden-District/d675-110804P645?mcid=42383&pid=P00306962&medium=api&api_version=2.0","viator-only","","","","","Live on Viator; not present in current FareHarbor inventory."
"177156P2","Gallier House Tour in New Orleans","Hermann-Grima House","SUPPLIER-3xWPYDk/CTMsw4za6JuFHg==","ACTIVE","20","4.792683","82","","https://www.viator.com/tours/New-Orleans/Gallier-Historic-House-Guided-Tour/d675-177156P2?mcid=42383&pid=P00306962&medium=api&api_version=2.0","viator-only","","","","","Live on Viator; not present in current FareHarbor inventory."
"9349P19","Spooky Tales of the French Quarter Halloween Celebration Tour","New Orleans Drunk History Tours • Show Me New Orleans Tours","SUPPLIER-hqWPcDmLjss0qH0WgTLHdQ==","ACTIVE","55","","0","","https://www.viator.com/tours/New-Orleans/Spooky-Tales-of-the-French-Quarter-Halloween-Celebration-Tour/d675-9349P19?mcid=42383&pid=P00306962&medium=api&api_version=2.0","viator-only","","","","","Live on Viator; not present in current FareHarbor inventory."
"370424P2","New Orleans True Crime and Coffee Walking Tour: Adults Only","Streets Of Sin True Crime, Dark History, and Haunted Tours of New Orleans","SUPPLIER-IJXF6J5Fwaa8VwcpVPQ5Rg==","ACTIVE","39","4.9558825","68","","https://www.viator.com/tours/New-Orleans/Coffee-with-Killers-An-Adults-Only-Morning-Walking-Tour/d675-370424P2?mcid=42383&pid=P00306962&medium=api&api_version=2.0","viator-only","","","","","Live on Viator; not present in current FareHarbor inventory."
"451976P1","Ghosts, Gods, & Gangsters of New Orleans","Spirit Empire Tours","SUPPLIER-L8upEnzkdMp8e0tNgJiX4g==","ACTIVE","27","5","153","","https://www.viator.com/tours/New-Orleans/Ghosts-Gangsters-and-the-New-Orleans-Undead-Adults-Only/d675-451976P1?mcid=42383&pid=P00306962&medium=api&api_version=2.0","viator-only","","","","","Live on Viator; not present in current FareHarbor inventory."
"5631565P8","New Orleans Wings of the Wetlands Guided Birding Expedition","Beyond The French Quarter","SUPPLIER-Lsu8IqeHUTVNt2kfAqqgNQ==","ACTIVE","60","5","1","","https://www.viator.com/tours/New-Orleans/Wings-of-the-Wetlands-Guided-Birding-Expedition/d675-5631565P8?mcid=42383&pid=P00306962&medium=api&api_version=2.0","viator-only","","","","","Live on Viator; not present in current FareHarbor inventory."
"58762P8","LGBTQ Small Group History Tour of the French Quarter","New Orleans Secrets Tours","SUPPLIER-O4vUi32/voXAoLkcd+Q9YQ==","ACTIVE","49","5","8","","https://www.viator.com/tours/New-Orleans/LGBTQ-walking-history-tour-of-the-French-Quarter/d675-58762P8?mcid=42383&pid=P00306962&medium=api&api_version=2.0","viator-only","","","","","Live on Viator; not present in current FareHarbor inventory."
"325289P7","The Soul and Sound of New Orleans: Culture and Music Tour","2nd Line Tours/Experience","SUPPLIER-s/jb9NZYcqhzTEP+NcQ6oA==","ACTIVE","79","5","10","","https://www.viator.com/tours/New-Orleans/NOLA-Celebrity-and-Culture-Combo-Tour/d675-325289P7?mcid=42383&pid=P00306962&medium=api&api_version=2.0","viator-only","","","","","Live on Viator; not present in current FareHarbor inventory."
"160476P5","St Joseph Plantation Death and Mourning Customs Pass","St. Joseph Plantation","SUPPLIER-tvAXYU3Lcca1rs7r7zA/pA==","ACTIVE","24","","0","","https://www.viator.com/tours/New-Orleans/St-Joseph-Plantation-Exploring-Death-and-Mourning-Customs/d675-160476P5?mcid=42383&pid=P00306962&medium=api&api_version=2.0","viator-only","","","","","Live on Viator; not present in current FareHarbor inventory."
"353780P2","Nola Voodoo Walking Tour with High Priestess Guide in New Orleans","Anansi's Daughters","SUPPLIER-iCy0BKyT8RKSaKKJ20rb1A==","ACTIVE","40","4.9358287","187","","https://www.viator.com/tours/New-Orleans/NOLA-Voodoo-Tour-w-High-Priestess/d675-353780P2?mcid=42383&pid=P00306962&medium=api&api_version=2.0","viator-only","","","","","Live on Viator; not present in current FareHarbor inventory."
"3780HAUNT","New Orleans City and Cemetery Tour with Garden District Stroll","Gray Line New Orleans","SUPPLIER-AIVIONkKdK8JLCRg2obcyw==","ACTIVE","46.75","4.4137483","771","","https://www.viator.com/tours/New-Orleans/New-Orleans-Cemetery-and-Voodoo-Walking-Tour/d675-3780HAUNT?mcid=42383&pid=P00306962&medium=api&api_version=2.0","both-confirmed","Gray Line New Orleans / New Orleans Steamboat Co.","neworleanssteamboatcompany","564661","1578708","Direct item match: FH ID 'city-cemetery-garden-district-tour' on 'neworleanssteamboatcompany' (Item: 564661, Flow: 1578708)"
"59529P2","Garden District Secrets and Scandals Tour","Spectral City Tours","SUPPLIER-dAzOHf+DKLrMYB8gVkrQxQ==","ACTIVE","35","4.887097","62","","https://www.viator.com/tours/New-Orleans/Cemetery-and-Garden-District-Tour-New-Orleans-Best-Small-Group-Walking-Tour/d675-59529P2?mcid=42383&pid=P00306962&medium=api&api_version=2.0","viator-only","","","","","Live on Viator; not present in current FareHarbor inventory."
"3780GHOSTS","French Quarter Ghosts and Spirits Tour with Augmented Reality","Gray Line New Orleans","SUPPLIER-AIVIONkKdK8JLCRg2obcyw==","ACTIVE","22.95","4.464539","282","","https://www.viator.com/tours/New-Orleans/New-Orleans-Ghosts-and-Spirits-Walking-Tour/d675-3780GHOSTS?mcid=42383&pid=P00306962&medium=api&api_version=2.0","both-confirmed","Gray Line New Orleans / New Orleans Steamboat Co.","neworleanssteamboatcompany","562250","1578708","Direct item match: FH ID 'ghosts-spirits-walking-tour' on 'neworleanssteamboatcompany' (Item: 562250, Flow: 1578708)"
"5423MSYAPTHTL_P","Private Arrival Transfer from Louis Armstrong New Orleans Airport","Carmel Car & Limousine Service","SUPPLIER-Dnmt2di30LOU//r+mrs1OQ==","ACTIVE","67.2","4.3620176","337","","https://www.viator.com/tours/New-Orleans/Private-Arrival-Transfer-New-Orleans-International-Airport-to-Hotel/d675-5423MSYAPTHTL_P?mcid=42383&pid=P00306962&medium=api&api_version=2.0","viator-only","","","","","Live on Viator; not present in current FareHarbor inventory."
"327929P1","New Orleans St. Louis Cemetery No. 3 Walking Tour","Red Sash Tours","SUPPLIER-wYuwdu3FRCAHCo5NKM1TZg==","ACTIVE","25","4.991632","478","","https://www.viator.com/tours/New-Orleans/New-Orleans-Cemetery-Walking-Tour-Angels-Architecture-and-Ghosts/d675-327929P1?mcid=42383&pid=P00306962&medium=api&api_version=2.0","viator-only","","","","","Live on Viator; not present in current FareHarbor inventory."
"446253P2","45-Minute Garden District Highlights Tour in New Orleans","Short Tours NOLA","SUPPLIER-og/aJXIuw34f0/lOLXB9xg==","ACTIVE","17.6","4.9836063","61","","https://www.viator.com/tours/New-Orleans/45-minute-Highlights-of-the-Garden-District/d675-446253P2?mcid=42383&pid=P00306962&medium=api&api_version=2.0","viator-only","","","","","Live on Viator; not present in current FareHarbor inventory."
"6205P6","French Quarter History Tour with Cafe Du Monde","Destination Kitchen","SUPPLIER-5Q+tEMqLTG5mM2OnOIZUCQ==","ACTIVE","35","4.710145","138","","https://www.viator.com/tours/New-Orleans/Early-Bird-French-Quarter-History-Walking-Tour/d675-6205P6?mcid=42383&pid=P00306962&medium=api&api_version=2.0","viator-only","","","","","Live on Viator; not present in current FareHarbor inventory."
"56225P1","Spooky Kid-Friendly Ghost Hunt in New Orleans","French Quartour Kids","SUPPLIER-Q9P4D6J8Wex8I0LeN4gxwA==","ACTIVE","26.67","5","39","","https://www.viator.com/tours/New-Orleans/Spooky-Tour-Kid-Friendly-Ghost-Hunt-in-New-Orleans/d675-56225P1?mcid=42383&pid=P00306962&medium=api&api_version=2.0","viator-only","","","","","Live on Viator; not present in current FareHarbor inventory."
"222222P14","Ghosts of New Orleans: Self-Guided Haunted Audio Walking Tour","WalknTours","SUPPLIER-Y0oOqfFRe3mpVSBB9usiKg==","ACTIVE","6.75","4.147059","34","","https://www.viator.com/tours/New-Orleans/Self-Guided-Ghosts-of-New-Orleans-Haunted-Walking-Tour/d675-222222P14?mcid=42383&pid=P00306962&medium=api&api_version=2.0","viator-only","","","","","Live on Viator; not present in current FareHarbor inventory."
"5589833P3","Old Ursuline Convent Museum Ticket: New Pope Leo XIV Exhibit","Tour Patron","SUPPLIER-y7JpoiXLJ2Q7urH718MXiA==","ACTIVE","10","4.9","10","","https://www.viator.com/tours/New-Orleans/Old-Ursuline-Convent-Museum-Ticket-New-Orleans/d675-5589833P3?mcid=42383&pid=P00306962&medium=api&api_version=2.0","viator-only","","","","","Live on Viator; not present in current FareHarbor inventory."
"293286P2","New Orleans Yellow Fever Ghost Tour","SUPER CITY TOURS","SUPPLIER-VlU+BAevxwJBYAiUaj3LDA==","ACTIVE","35","4.885953","1438","","https://www.viator.com/tours/New-Orleans/Yellow-Fever-Ghost-Tour/d675-293286P2?mcid=42383&pid=P00306962&medium=api&api_version=2.0","viator-only","","","","","Live on Viator; not present in current FareHarbor inventory."
"22050P4","New Orleans Self-Guided Kayak Bayou Swamp Tour","New Orleans Kayak Swamp Tours","SUPPLIER-CN3etwHlngDFw8ce4fY4dQ==","ACTIVE","40","4.7272725","11","","https://www.viator.com/tours/New-Orleans/Whitney-Plantation-Tour/d675-22050P4?mcid=42383&pid=P00306962&medium=api&api_version=2.0","viator-only","","","","","Live on Viator; not present in current FareHarbor inventory."
"58762P3","Small-Group French Quarter History Walking Tour","New Orleans Secrets Tours","SUPPLIER-O4vUi32/voXAoLkcd+Q9YQ==","ACTIVE","49","4.975","40","","https://www.viator.com/tours/New-Orleans/French-Quarter-History-Only-8-Spots-Available/d675-58762P3?mcid=42383&pid=P00306962&medium=api&api_version=2.0","viator-only","","","","","Live on Viator; not present in current FareHarbor inventory."
"5589833P7","St. Louis Cathedral Official Self-Guided Audio Tour","Tour Patron","SUPPLIER-y7JpoiXLJ2Q7urH718MXiA==","ACTIVE","21.77","4","6","","https://www.viator.com/tours/New-Orleans/St-Louis-Cathedral-Self-Guided-Audio-Tour/d675-5589833P7?mcid=42383&pid=P00306962&medium=api&api_version=2.0","viator-only","","","","","Live on Viator; not present in current FareHarbor inventory."
"403897P31","New Orleans French Quarter Audio Tour: Iconic Sites & Hidden Gems","Drives & Detours","SUPPLIER-mxC1RbhHhrsokVAZF9IJmQ==","ACTIVE","9.99","","0","","https://www.viator.com/tours/New-Orleans/Self-Guided-French-Quarter-Tour-Iconic-Sites-and-Hidden-Gems/d675-403897P31?mcid=42383&pid=P00306962&medium=api&api_version=2.0","viator-only","","","","","Live on Viator; not present in current FareHarbor inventory."
"6211P15","The National WWII Museum Guided 2 Hour Highlights Experience","National WWII Museum","SUPPLIER-60xRCBAuyNE13v/wuWU8LA==","ACTIVE","70.35","","0","","https://www.viator.com/tours/New-Orleans/Two-Hour-Highlights-Guided-Tour-of-The-National-WWII-Museum/d675-6211P15?mcid=42383&pid=P00306962&medium=api&api_version=2.0","viator-only","","","","","Live on Viator; not present in current FareHarbor inventory."
"6953NOLATOUR","New Orleans City and Cemetery Sightseeing Tour","Cajun Encounters Tour Co.","SUPPLIER-Ls68Tv9wCH9YKPX1YdQD0g==","ACTIVE","62.57","4.865366","1025","","https://www.viator.com/tours/New-Orleans/New-Orleans-City-and-Cemetery-Sightseeing-Tour/d675-6953NOLATOUR?mcid=42383&pid=P00306962&medium=api&api_version=2.0","possible-match-needs-review","","","","","Active on Viator (supplier ref SUPPLIER-Ls68Tv9wCH9YKPX1YdQD0g==); NO active FareHarbor item/flow ID configured in repository."
"289336P6","New Orleans Music Walking Tour","NOLA Historic Tours","SUPPLIER-EtS6oxZIwlAU4H0NE19TzQ==","ACTIVE","25","4.125","24","","https://www.viator.com/tours/New-Orleans/New-Orleans-Music-Tour/d675-289336P6?mcid=42383&pid=P00306962&medium=api&api_version=2.0","viator-only","","","","","Live on Viator; not present in current FareHarbor inventory."
"366784P155","New Orleans French Quarter Walking Tour with Audioguide","TouringBee","SUPPLIER-zfZ6peOozv/sTSU5AoJvhQ==","ACTIVE","11.7","","0","","https://www.viator.com/tours/New-Orleans/New-Orleans-French-Quarter-Walking-Tour-with-Audioguide/d675-366784P155?mcid=42383&pid=P00306962&medium=api&api_version=2.0","viator-only","","","","","Live on Viator; not present in current FareHarbor inventory."
"110804P59","A Walk in the Park: City Park New Orleans Audio Tour","VoiceMap Audio Tours","SUPPLIER-Eg8GuOnVczaVY9VcVmDxhg==","ACTIVE","9.99","4.4615383","13","","https://www.viator.com/tours/New-Orleans/A-Walk-in-the-Park-City-Park-New-Orleans-Audio-Tour-by-VoiceMap/d675-110804P59?mcid=42383&pid=P00306962&medium=api&api_version=2.0","viator-only","","","","","Live on Viator; not present in current FareHarbor inventory."
"5616926P1","New Orleans Very Reel Game Show","Bywater Games","SUPPLIER-cUoac4M87Az6DS8uAgByzA==","ACTIVE","25","5","17","","https://www.viator.com/tours/New-Orleans/Very-Reel-Game-Show/d675-5616926P1?mcid=42383&pid=P00306962&medium=api&api_version=2.0","viator-only","","","","","Live on Viator; not present in current FareHarbor inventory."
"110804P58","Metairie Cemetery Stories: A Self-Guided Audio Tour","VoiceMap Audio Tours","SUPPLIER-Eg8GuOnVczaVY9VcVmDxhg==","ACTIVE","9.99","4","12","","https://www.viator.com/tours/New-Orleans/Faith-and-Courage-Metairie-Cemetery-Stories-Walking-Audio-Tour-by-VoiceMap/d675-110804P58?mcid=42383&pid=P00306962&medium=api&api_version=2.0","viator-only","","","","","Live on Viator; not present in current FareHarbor inventory."
"218514P1","Seven Three Distilling Tour and Tasting","Seven Three Distilling Co.","SUPPLIER-DxFEhJvk2whorhmlCgANtA==","ACTIVE","15","4.9656863","408","","https://www.viator.com/tours/New-Orleans/Seven-Three-Distilling-Co-Tour-and-Tasting/d675-218514P1?mcid=42383&pid=P00306962&medium=api&api_version=2.0","viator-only","","","","","Live on Viator; not present in current FareHarbor inventory."
"446253P1","45-Minute French Quarter Highlights Tour in New Orleans","Short Tours NOLA","SUPPLIER-og/aJXIuw34f0/lOLXB9xg==","ACTIVE","18","5","30","","https://www.viator.com/tours/New-Orleans/45-Minute-Highlights-Tour-of-the-French-Quarter/d675-446253P1?mcid=42383&pid=P00306962&medium=api&api_version=2.0","viator-only","","","","","Live on Viator; not present in current FareHarbor inventory."
"464685P1","Museum of the Southern Jewish Experience in New Orleans","The Museum of the Southern Jewish Experience","SUPPLIER-+kq1yFoNfgiZezQH+/8lQg==","ACTIVE","15","4.9122806","57","","https://www.viator.com/tours/New-Orleans/Admission-Ticket/d675-464685P1?mcid=42383&pid=P00306962&medium=api&api_version=2.0","viator-only","","","","","Live on Viator; not present in current FareHarbor inventory."
"6830P11","New Orleans Voodoo, Storyville, Treme, Walking Tour","Historic New Orleans Tours","SUPPLIER-7U27aBkvcZeoF5aUwIl72g==","ACTIVE","29","4.6349206","63","","https://www.viator.com/tours/New-Orleans/Treme-Storyville-Cemetery-Voodoo-Tour/d675-6830P11?mcid=42383&pid=P00306962&medium=api&api_version=2.0","viator-only","","","","","Live on Viator; not present in current FareHarbor inventory."
"6830P10","New Orleans Music Tour","Historic New Orleans Tours","SUPPLIER-7U27aBkvcZeoF5aUwIl72g==","ACTIVE","25","4.56","75","","https://www.viator.com/tours/New-Orleans/New-Orleans-Music-Tour/d675-6830P10?mcid=42383&pid=P00306962&medium=api&api_version=2.0","viator-only","","","","","Live on Viator; not present in current FareHarbor inventory."
"107194P63","New Orleans City Park: Self-Guided History Puzzle Walk","Questo","SUPPLIER-3Cg9l6wA7TIL5vwdjq5Sew==","ACTIVE","7.36","4.2","10","","https://www.viator.com/tours/New-Orleans/New-Orleans-City-Park-Exploration-Game-and-Private-Tour/d675-107194P63?mcid=42383&pid=P00306962&medium=api&api_version=2.0","viator-only","","","","","Live on Viator; not present in current FareHarbor inventory."
"58762P6","Small-Group French Quarter Haunted Ghost Tour","New Orleans Secrets Tours","SUPPLIER-O4vUi32/voXAoLkcd+Q9YQ==","ACTIVE","49","5","26","","https://www.viator.com/tours/New-Orleans/French-Quarter-Haunted-Ghost-tour-Semi-private/d675-58762P6?mcid=42383&pid=P00306962&medium=api&api_version=2.0","viator-only","","","","","Live on Viator; not present in current FareHarbor inventory."
"9349P27","Nola Love Stories Walking Tour","New Orleans Drunk History Tours • Show Me New Orleans Tours","SUPPLIER-hqWPcDmLjss0qH0WgTLHdQ==","ACTIVE","24.5","5","1","","https://www.viator.com/tours/New-Orleans/Nola-Love-Stories-Walking-Tour/d675-9349P27?mcid=42383&pid=P00306962&medium=api&api_version=2.0","viator-only","","","","","Live on Viator; not present in current FareHarbor inventory."
"276551P1","New Orleans French Quarter & Cemetery Bike Tour","Paved Paradise Bike Tours New Orleans","SUPPLIER-SGC+lICLwqvkJUFkwkB+yw==","ACTIVE","55","4.9615383","26","","https://www.viator.com/tours/New-Orleans/French-Quarter-Bike-Tour/d675-276551P1?mcid=42383&pid=P00306962&medium=api&api_version=2.0","viator-only","","","","","Live on Viator; not present in current FareHarbor inventory."
"457527P3","Laura Plantation Half-Day Tour from New Orleans","K's Luxury Transportation and Tours","SUPPLIER-dQUtYDI9OHYaAR3vfMtJFw==","ACTIVE","86.7","4.928571","14","","https://www.viator.com/tours/New-Orleans/Laura-Plantation-Half-Day-Tour/d675-457527P3?mcid=42383&pid=P00306962&medium=api&api_version=2.0","viator-only","","","","","Live on Viator; not present in current FareHarbor inventory."
"112775P1","NOLA's BIG 4 PRIVATE CITY TOUR - NO GHOST, ONLY FACTS!","NOLA's BIG 4 PRIVATE CITY TOUR - NO GHOST, ONLY FACTS!","SUPPLIER-DtukwupsikiZ0/R/eWNtyA==","ACTIVE","125","4.904762","168","","https://www.viator.com/tours/New-Orleans/Experience-The-Big-4-in-The-Big-Easy/d675-112775P1?mcid=42383&pid=P00306962&medium=api&api_version=2.0","viator-only","","","","","Live on Viator; not present in current FareHarbor inventory."
"400627P2","Garden District Walking Tour","DuPont and Company","SUPPLIER-mtOjTpeAgjupEokgIPG3CQ==","ACTIVE","35","4.868421","38","","https://www.viator.com/tours/New-Orleans/Garden-District-Walking-Tour/d675-400627P2?mcid=42383&pid=P00306962&medium=api&api_version=2.0","viator-only","","","","","Live on Viator; not present in current FareHarbor inventory."
"128285P1388","New Orleans Airport (MSY) to New Orleans Port Private Transfer","taxiGo.online - Booking Transfer & Taxi","SUPPLIER-pFSMm2f6cCQ4IYQ3VQIu7g==","ACTIVE","63.22","","0","","https://www.viator.com/tours/New-Orleans/New-Orleans-L-Armstrong-Airport-MSY-to-Cruise-Port-Arrival-Private-Transfer/d675-128285P1388?mcid=42383&pid=P00306962&medium=api&api_version=2.0","viator-only","","","","","Live on Viator; not present in current FareHarbor inventory."
"368349P413","New Orleans French Quarter Walking Tour & Cruise Tickets","New York City Tours","SUPPLIER-76gDJ0qkOEv4nklj5Kpo0Q==","ACTIVE","253","","0","","https://www.viator.com/tours/New-Orleans/New-Orleans-French-Quarter-Walking-Tour-and-Cruise-Tickets/d675-368349P413?mcid=42383&pid=P00306962&medium=api&api_version=2.0","viator-only","","","","","Live on Viator; not present in current FareHarbor inventory."
"365523P2","Historic Garden District Walking Tour","Tours By NOLA - New Orleans Local Artists","SUPPLIER-xWuyzCDktOlBLkIDWT0ntQ==","ACTIVE","35","5","75","","https://www.viator.com/tours/New-Orleans/Historic-Garden-District-Walking-Tour/d675-365523P2?mcid=42383&pid=P00306962&medium=api&api_version=2.0","viator-only","","","","","Live on Viator; not present in current FareHarbor inventory."
"5503458P4","New Orleans Culinary Bike Tour","A Street Tour Named Desire","SUPPLIER-rT6P4cqUML4UI5gUQi6oDw==","ACTIVE","104","5","50","","https://www.viator.com/tours/New-Orleans/New-Orleans-Culinary-Bike-Tour/d675-5503458P4?mcid=42383&pid=P00306962&medium=api&api_version=2.0","viator-only","","","","","Live on Viator; not present in current FareHarbor inventory."
"126578P19","Laura Plantation and Airboat Tour Combo with Hotel Pickup","CRESCENT CITY TOURS & TRANSPORTATION","SUPPLIER-ilr8RSd3kTRWaxU31m2p7Q==","ACTIVE","152","5","7","","https://www.viator.com/tours/New-Orleans/LAURA-PLANTATION-SWAMP-TOUR-COMBO-BY-CRESCENT-CITY-TOURS-and-TRANSPORTATION/d675-126578P19?mcid=42383&pid=P00306962&medium=api&api_version=2.0","viator-only","","","","","Live on Viator; not present in current FareHarbor inventory."
"353780P5","The Blackest Ghost Tour: Ages 17 and Above","Anansi's Daughters","SUPPLIER-iCy0BKyT8RKSaKKJ20rb1A==","ACTIVE","40","4.9473686","76","","https://www.viator.com/tours/New-Orleans/The-Blackest-Ghost-Tour-Ages-17/d675-353780P5?mcid=42383&pid=P00306962&medium=api&api_version=2.0","viator-only","","","","","Live on Viator; not present in current FareHarbor inventory."
"49992P6","Small-Group Glamorous Garden District Tour","Unique NOLA","SUPPLIER-yeL4oePg1WmcZId9AOTguw==","ACTIVE","37","4.8785048","107","","https://www.viator.com/tours/New-Orleans/3-in-1-Garden-District-Tour/d675-49992P6?mcid=42383&pid=P00306962&medium=api&api_version=2.0","viator-only","","","","","Live on Viator; not present in current FareHarbor inventory."
"2292HDAC","Airboat Swamp and Destrehan Plantation Tour from New Orleans","Tours by Isabelle","SUPPLIER-/SCgQegRelYc02enrvEGfg==","ACTIVE","179","4.820225","267","","https://www.viator.com/tours/New-Orleans/Small-Group-Airboat-Swamp-Adventure-and-Plantation-Tour-from-New-Orleans/d675-2292HDAC?mcid=42383&pid=P00306962&medium=api&api_version=2.0","viator-only","","","","","Live on Viator; not present in current FareHarbor inventory."
"141126P2","New Orleans Swamp Boat Tour with Shuttle Service","Cajun Pride Swamp Tours","SUPPLIER-ah695t/3pUZ5JxgMe0brVQ==","ACTIVE","60","4.8","30","","https://www.viator.com/tours/New-Orleans/Swamp-Tour-with-Transportation/d675-141126P2?mcid=42383&pid=P00306962&medium=api&api_version=2.0","viator-only","","","","","Live on Viator; not present in current FareHarbor inventory."
"73172P53","New Orleans Roundtrip Chauffeur Driven Airport Transfer","Burton Transit","SUPPLIER-xwFIo9eM8RvIQMxkxlOx6g==","ACTIVE","142","4.3333335","6","","https://www.viator.com/tours/New-Orleans/New-Orleans-Roundtrip-Chauffeur-Driven-Airport-Transfer/d675-73172P53?mcid=42383&pid=P00306962&medium=api&api_version=2.0","viator-only","","","","","Live on Viator; not present in current FareHarbor inventory."
"8013P3","Oak Alley Plantation and New Orleans City Tour","Southern Style Tours and Transportation","SUPPLIER-bpdSmVMe+hjx77C93xRvhw==","ACTIVE","110","4.2340426","47","","https://www.viator.com/tours/New-Orleans/Combo-Oak-Alley-Plantation-and-New-Orleans-City-Tour/d675-8013P3?mcid=42383&pid=P00306962&medium=api&api_version=2.0","both-confirmed","Southern Style Tours","southernstyletours","51953","4344","Direct item match: FH ID 'southernstyle-city-plantation-combo' on 'southernstyletours' (Item: 51953, Flow: 4344)"
"371631P10","Murder Mystery Detective Experience in New Orleans LA","Hearo","SUPPLIER-Sj1sctlH7YzV0CHa5DbQ4w==","ACTIVE","14.99","4","1","","https://www.viator.com/tours/New-Orleans/Crime-Solving-Detective-Experience-New-Orleans/d675-371631P10?mcid=42383&pid=P00306962&medium=api&api_version=2.0","viator-only","","","","","Live on Viator; not present in current FareHarbor inventory."
"104357P678","New Orleans French Quarter Private Walking Tour with a Guide","Guydeez","SUPPLIER-sPPmofdYs9yf+NKIMof/kQ==","ACTIVE","128.78","5","4","","https://www.viator.com/tours/New-Orleans/New-Orleans-French-Quarter-Walking-Tour-With-A-Guide/d675-104357P678?mcid=42383&pid=P00306962&medium=api&api_version=2.0","viator-only","","","","","Live on Viator; not present in current FareHarbor inventory."
"126578P18","Oak Alley Plantation and Airboat Combo Tour","CRESCENT CITY TOURS & TRANSPORTATION","SUPPLIER-ilr8RSd3kTRWaxU31m2p7Q==","ACTIVE","152","4.6666665","6","","https://www.viator.com/tours/New-Orleans/OAK-ALLEY-PLANTATION-SWAMP-TOUR-BY-CRESCENT-CITY-TOURS-and-TRANSPORTATION/d675-126578P18?mcid=42383&pid=P00306962&medium=api&api_version=2.0","viator-only","","","","","Live on Viator; not present in current FareHarbor inventory."
"9349P53","New Orleans Drunken Voodoo, Mystery, Paranormal, Supernatural and History Tour","New Orleans Drunk History Tours • Show Me New Orleans Tours","SUPPLIER-hqWPcDmLjss0qH0WgTLHdQ==","ACTIVE","22.75","3.6666667","24","","https://www.viator.com/tours/New-Orleans/New-Orleans-Drunken-Voodoo-Mystery-Paranormal-Supernatural-and-History-Tour/d675-9349P53?mcid=42383&pid=P00306962&medium=api&api_version=2.0","viator-only","","","","","Live on Viator; not present in current FareHarbor inventory."
"400627P9","Private Ghosts of the French Quarter Walking Tour","DuPont and Company","SUPPLIER-mtOjTpeAgjupEokgIPG3CQ==","ACTIVE","600","","0","","https://www.viator.com/tours/New-Orleans/Vice-Virtue-and-Negotiable-Affection-A-New-Orleans-Tour/d675-400627P9?mcid=42383&pid=P00306962&medium=api&api_version=2.0","viator-only","","","","","Live on Viator; not present in current FareHarbor inventory."
"201921P2","Private French Quarter & Garden District Tour: Walk and Drive Combo","Soul of Nola","SUPPLIER-B/HpDvXRyC4CB0mIugFA8w==","ACTIVE","475","5","70","","https://www.viator.com/tours/New-Orleans/Soul-of-NOLA-French-Quarter-and-Garden-District-Combo-Tour/d675-201921P2?mcid=42383&pid=P00306962&medium=api&api_version=2.0","viator-only","","","","","Live on Viator; not present in current FareHarbor inventory."
"164766P1","Airport, Group and Private Transportation","On The Go Transport, LLC","SUPPLIER-+3FsdbHAYISDdIc4TSQB/g==","ACTIVE","134","5","63","","https://www.viator.com/tours/New-Orleans/Airport-Trasnportation/d675-164766P1?mcid=42383&pid=P00306962&medium=api&api_version=2.0","viator-only","","","","","Live on Viator; not present in current FareHarbor inventory."
"221483P1","True Voodoo History of NOLA's Congo Square with Local Guide","Tours by Foot New Orleans","SUPPLIER-9EY+OO+RYW1BahARS7jMww==","ACTIVE","39","4.9864864","148","","https://www.viator.com/tours/New-Orleans/Voodoo-Museum-Tickets-and-Unveiling-Voodoo-Legends-Walking-Tour/d675-221483P1?mcid=42383&pid=P00306962&medium=api&api_version=2.0","viator-only","","","","","Live on Viator; not present in current FareHarbor inventory."
"73172P42","New Orleans Departure Chauffeur Driven Transport","Burton Transit","SUPPLIER-xwFIo9eM8RvIQMxkxlOx6g==","ACTIVE","70.83","4.3333335","18","","https://www.viator.com/tours/New-Orleans/Shared-Departure-Transfer-Hotel-or-Cruise-Port-to-New-Orleans-Airport/d675-73172P42?mcid=42383&pid=P00306962&medium=api&api_version=2.0","viator-only","","","","","Live on Viator; not present in current FareHarbor inventory."
"9349P26","French Quarter Bar Pit Stop and NOLA Legends Tour","New Orleans Drunk History Tours • Show Me New Orleans Tours","SUPPLIER-hqWPcDmLjss0qH0WgTLHdQ==","ACTIVE","21","4.2","5","","https://www.viator.com/tours/New-Orleans/New-Orleans-French-Quarter-Bar-Pit-Stop-and-Legends-Walking-Tour/d675-9349P26?mcid=42383&pid=P00306962&medium=api&api_version=2.0","viator-only","","","","","Live on Viator; not present in current FareHarbor inventory."
"391957P2","Private Hotel & Airport Transfers in New Orleans Area One Way","ROULE' TRANSPORTATION NEW ORLEANS' LIMOUSINE & SHUTTLE SERVICE","SUPPLIER-+xwOxOubQxP0SiMKhjdiqw==","ACTIVE","57.5","5","8","","https://www.viator.com/tours/New-Orleans/New-Orleans-Airport-Ride-Share/d675-391957P2?mcid=42383&pid=P00306962&medium=api&api_version=2.0","viator-only","","","","","Live on Viator; not present in current FareHarbor inventory."
"400627P6","Built on Water, Tested By Storm: Before & After Katrina","DuPont and Company","SUPPLIER-mtOjTpeAgjupEokgIPG3CQ==","ACTIVE","35","5","1","","https://www.viator.com/tours/New-Orleans/New-Orleans-Green-Tour/d675-400627P6?mcid=42383&pid=P00306962&medium=api&api_version=2.0","viator-only","","","","","Live on Viator; not present in current FareHarbor inventory."
"5516600P4","New Orleans Storyville Museum VIP Guided Tour: Admission Included","New Orleans Storyville Museum","SUPPLIER-1Zf6FONH2mVz2Agno0Re6g==","ACTIVE","49.61","4.857143","7","","https://www.viator.com/tours/New-Orleans/Official-Storyville-Museum-VIP-Guided-Tour/d675-5516600P4?mcid=42383&pid=P00306962&medium=api&api_version=2.0","viator-only","","","","","Live on Viator; not present in current FareHarbor inventory."
"15225P15","New Orleans Original Seafood Tour of the French Quarter","Tastebud Tours","SUPPLIER-7x6XbaFYUtRX2E87lmg9EQ==","ACTIVE","99.63","4.8301888","53","","https://www.viator.com/tours/New-Orleans/The-Original-French-Quarter-Seafood-Food-Tour/d675-15225P15?mcid=42383&pid=P00306962&medium=api&api_version=2.0","viator-only","","","","","Live on Viator; not present in current FareHarbor inventory."
"24048P1","New Orleans Killers & Thrillers – True Crime Walking Tour","Ghost City Tours in New Orleans","SUPPLIER-XMwDS1u0Ojq5ha9f4CIqmA==","ACTIVE","34.99","4.6992397","921","","https://www.viator.com/tours/New-Orleans/Murder-in-New-Orleans-Ghost-Tour/d675-24048P1?mcid=42383&pid=P00306962&medium=api&api_version=2.0","viator-only","","","","","Live on Viator; not present in current FareHarbor inventory."
"136094P1","New Orleans VIP Bar and Club Crawl","Crawl New Orleans","SUPPLIER-eX9c/HLpHysUU+n85Jl2vw==","ACTIVE","62.94","4.571429","126","","https://www.viator.com/tours/New-Orleans/Premium-Night-Crawl/d675-136094P1?mcid=42383&pid=P00306962&medium=api&api_version=2.0","viator-only","","","","","Live on Viator; not present in current FareHarbor inventory."
"9349P1","French Quarter Haunted Excursion In New Orleans","New Orleans Drunk History Tours • Show Me New Orleans Tours","SUPPLIER-hqWPcDmLjss0qH0WgTLHdQ==","ACTIVE","22.75","3.942857","35","","https://www.viator.com/tours/New-Orleans/French-Quarter-Haunted-Excursion-In-New-Orleans/d675-9349P1?mcid=42383&pid=P00306962&medium=api&api_version=2.0","viator-only","","","","","Live on Viator; not present in current FareHarbor inventory."
"178424P257","New Orleans Scavenger Hunt & Highlights Self-Guided Walking Tour","World City Trail","SUPPLIER-LdKkp5Hb2rwnc8VH+mkzNA==","ACTIVE","3.5","","0","","https://www.viator.com/tours/New-Orleans/New-Orleans-Scavenger-Hunt-and-Highlights-Self-Guided-Tour/d675-178424P257?mcid=42383&pid=P00306962&medium=api&api_version=2.0","viator-only","","","","","Live on Viator; not present in current FareHarbor inventory."
"5680285P1","New Orleans Premium Airport Round Trip Transportation","Load Up And Ride, LLC.","SUPPLIER-jr/OOCPubnd8iXQppcBW9A==","ACTIVE","105","","0","","https://www.viator.com/tours/New-Orleans/New-Orleans-Premium-Airport-Round-Trip-Transportation/d675-5680285P1?mcid=42383&pid=P00306962&medium=api&api_version=2.0","viator-only","","","","","Live on Viator; not present in current FareHarbor inventory."
"5598314P12","Explore New Orleans On Segway Tour","Segway Tours New Orleans","SUPPLIER-1Od+/BOtL/vtQcdhPnxxaQ==","ACTIVE","69","5","7","","https://www.viator.com/tours/New-Orleans/Segway-Adventure-Through-NOLA/d675-5598314P12?mcid=42383&pid=P00306962&medium=api&api_version=2.0","viator-only","","","","","Live on Viator; not present in current FareHarbor inventory."
"75909P389","New Orleans Garden District Food and History Tour with Guide","eatwith","SUPPLIER-ysx4JMe8cCGna40UNuyHWw==","ACTIVE","147.47","5","4","","https://www.viator.com/tours/New-Orleans/New-Orleans-Garden-District-food-tour/d675-75909P389?mcid=42383&pid=P00306962&medium=api&api_version=2.0","viator-only","","","","","Live on Viator; not present in current FareHarbor inventory."
"56225P2","Creole Kids Tour in New Orleans","French Quartour Kids","SUPPLIER-Q9P4D6J8Wex8I0LeN4gxwA==","ACTIVE","30","4.948276","58","","https://www.viator.com/tours/New-Orleans/Creole-Kids-Tour/d675-56225P2?mcid=42383&pid=P00306962&medium=api&api_version=2.0","viator-only","","","","","Live on Viator; not present in current FareHarbor inventory."
"5713P152","New Orleans Walking Tour: Garden District Stories","Intrepid Urban Adventures - USA","SUPPLIER-HR5/EUMEl2FTKjfmNTvqlw==","ACTIVE","29.8","4.935484","62","","https://www.viator.com/tours/New-Orleans/New-Orleans-Garden-District-Tour/d675-5713P152?mcid=42383&pid=P00306962&medium=api&api_version=2.0","viator-only","","","","","Live on Viator; not present in current FareHarbor inventory."
"186622P1","60-minute Tremé Walking Tour & Photo Experience","Treme Luxury Experience","SUPPLIER-KHkYeUkYk3seOTqxWFq8lQ==","ACTIVE","27","4.8630137","73","","https://www.viator.com/tours/New-Orleans/60-minute-Treme-Walking-Tour-and-Photo-Experience/d675-186622P1?mcid=42383&pid=P00306962&medium=api&api_version=2.0","viator-only","","","","","Live on Viator; not present in current FareHarbor inventory."
"49992P8","New Orleans Evening Small-Group Haunted Walking Tour","Unique NOLA","SUPPLIER-yeL4oePg1WmcZId9AOTguw==","ACTIVE","37","4.6666665","105","","https://www.viator.com/tours/New-Orleans/Specially-Selected-Hauntings-Our-Favorite-Ghosts/d675-49992P8?mcid=42383&pid=P00306962&medium=api&api_version=2.0","viator-only","","","","","Live on Viator; not present in current FareHarbor inventory."
"360446P3","Small Airboat and Oak Alley Plantation Tour from New Orleans","Ragin Cajun Swamp Tours, LLC","SUPPLIER-MMapcC0R+BSJH6rxktuBiQ==","ACTIVE","178.5","4.6","25","","https://www.viator.com/tours/New-Orleans/Small-Airboat-and-Oak-Alley-Plantation-Combo/d675-360446P3?mcid=42383&pid=P00306962&medium=api&api_version=2.0","both-confirmed","Ragin Cajun Tours","ragincajuntours","","940162","Direct flow match: FH ID 'ragincajun-airboat' (Flow: 940162)"
"6953P7","French Quarter Walking Tour in New Orleans","Cajun Encounters Tour Co.","SUPPLIER-Ls68Tv9wCH9YKPX1YdQD0g==","ACTIVE","32.36","4.5961537","52","","https://www.viator.com/tours/New-Orleans/French-Quarter-and-Cemetery-Walking-Tour-in-New-Orleans/d675-6953P7?mcid=42383&pid=P00306962&medium=api&api_version=2.0","possible-match-needs-review","","","","","Active on Viator (supplier ref SUPPLIER-Ls68Tv9wCH9YKPX1YdQD0g==); NO active FareHarbor item/flow ID configured in repository."
"43154P29","Pub Crawl: New Orleans Happy Hour Ghost Walking Tour","Nightly Spirits","SUPPLIER-LFLwjS5nAx649NkPw2b08A==","ACTIVE","32.5","5","25","","https://www.viator.com/tours/New-Orleans/New-Orleans-Happy-Hour-Ghost-Tour-Pub-Crawl/d675-43154P29?mcid=42383&pid=P00306962&medium=api&api_version=2.0","viator-only","","","","","Live on Viator; not present in current FareHarbor inventory."
"18254P1","New Orleans Music Heritage Tour","New Orleans Music & Heritage Tour","SUPPLIER-ISirTD3+nsmIjtbIvim4UQ==","ACTIVE","30","4.768","250","","https://www.viator.com/tours/New-Orleans/New-Orleans-Music-and-Heritage-Tour/d675-18254P1?mcid=42383&pid=P00306962&medium=api&api_version=2.0","viator-only","","","","","Live on Viator; not present in current FareHarbor inventory."
"6205P21","New Orleans Eat, Drink, and View","Destination Kitchen","SUPPLIER-5Q+tEMqLTG5mM2OnOIZUCQ==","ACTIVE","175","4.75","8","","https://www.viator.com/tours/New-Orleans/Eat-Drink-and-Vue-New-Orleans/d675-6205P21?mcid=42383&pid=P00306962&medium=api&api_version=2.0","viator-only","","","","","Live on Viator; not present in current FareHarbor inventory."
"441439P1","Private New Orleans Food Tour: Tastes of the Bend Neighborhood","Nolastylezines  Tours","SUPPLIER-l6ICPxlUdaWfbuT477yJ/g==","ACTIVE","65","4","8","","https://www.viator.com/tours/New-Orleans/Secret-Food-Tour-at-the-Rivers-Bend-w-Gourmet-or-Local-Options/d675-441439P1?mcid=42383&pid=P00306962&medium=api&api_version=2.0","viator-only","","","","","Live on Viator; not present in current FareHarbor inventory."
"5693964P1","Private New Orleans French Quarter Food and History Walking Tour","Local Liaison","SUPPLIER-h7gu13RSdyk6f/j7xqKGTA==","ACTIVE","169.5","","0","","https://www.viator.com/tours/New-Orleans/Private-New-Orleans-French-Quarter-Food-and-History-Tour/d675-5693964P1?mcid=42383&pid=P00306962&medium=api&api_version=2.0","viator-only","","","","","Live on Viator; not present in current FareHarbor inventory."
"417879P1","Craft Cider and Mead Tasting in New Orleans","Broad Street Cider","SUPPLIER-eKVyVQgorPvqACknE2HNMA==","ACTIVE","19","5","24","","https://www.viator.com/tours/New-Orleans/Craft-Cider-Tasting/d675-417879P1?mcid=42383&pid=P00306962&medium=api&api_version=2.0","viator-only","","","","","Live on Viator; not present in current FareHarbor inventory."
"59529P1","The French Quarter Haunted Tour","Spectral City Tours","SUPPLIER-dAzOHf+DKLrMYB8gVkrQxQ==","ACTIVE","35","4.8289475","76","","https://www.viator.com/tours/New-Orleans/French-Quarter-History-and-Hauntings-New-Orleans-Best-Small-Group-Walking-Tour/d675-59529P1?mcid=42383&pid=P00306962&medium=api&api_version=2.0","viator-only","","","","","Live on Viator; not present in current FareHarbor inventory."
"43154P25","Pub Crawl: Haunted New Orleans Booze and Boos Ghost Walking Tour","Nightly Spirits","SUPPLIER-LFLwjS5nAx649NkPw2b08A==","ACTIVE","39.92","4.821429","140","","https://www.viator.com/tours/New-Orleans/Haunted-New-Orleans-Ghost-and-Pub-Walking-Tour/d675-43154P25?mcid=42383&pid=P00306962&medium=api&api_version=2.0","viator-only","","","","","Live on Viator; not present in current FareHarbor inventory."
"5686399P3","New Orleans Old Alker Distillery Premium Bourbon Tasting","Old Alker Distillery","SUPPLIER-NrTNZF/lzKrJSXaIIMer8w==","ACTIVE","40","","0","","https://www.viator.com/tours/New-Orleans/Old-Alker-Premium-Bourbon-Tasting/d675-5686399P3?mcid=42383&pid=P00306962&medium=api&api_version=2.0","viator-only","","","","","Live on Viator; not present in current FareHarbor inventory."
"64332P19","Destrehan Plantation 1811 Slave Revolt Tour with Transportation","NOLA GhostRiders","SUPPLIER-ODu+cYHhAXmF5xbqwDTQ2A==","ACTIVE","69","","0","","https://www.viator.com/tours/New-Orleans/The-1811-Slave-Revolt-at-Destrehan-Plantation/d675-64332P19?mcid=42383&pid=P00306962&medium=api&api_version=2.0","viator-only","","","","","Live on Viator; not present in current FareHarbor inventory."
"3252P10","New Orleans Haunted Pub Crawl","Haunted History Tours","SUPPLIER-xe2YbZ42ogLOrNtIzC5ybg==","ACTIVE","30","4.5958548","193","","https://www.viator.com/tours/New-Orleans/Haunted-Pub-Crawl/d675-3252P10?mcid=42383&pid=P00306962&medium=api&api_version=2.0","viator-only","","","","","Live on Viator; not present in current FareHarbor inventory."
"44093P4","FOC Creole Christmas Holiday Home Tour 2026","Friends of the Cabildo","SUPPLIER-F/pMCSZc8+oL8qkvVTrm7w==","ACTIVE","40","","0","","https://www.viator.com/tours/New-Orleans/Friends-of-the-Cabildo-Creole-Christmas-Holiday-Home-Tour/d675-44093P4?mcid=42383&pid=P00306962&medium=api&api_version=2.0","viator-only","","","","","Live on Viator; not present in current FareHarbor inventory."
"6649LAURA","Laura Plantation Guided Tour: Big House & Original Slave Cabins","Laura Plantation","SUPPLIER-BS10huQBH91Bw2pqQdkXiw==","ACTIVE","32.06","4.8126864","1340","","https://www.viator.com/tours/New-Orleans/Laura-Plantation-Tour/d675-6649LAURA?mcid=42383&pid=P00306962&medium=api&api_version=2.0","viator-only","","","","","Live on Viator; not present in current FareHarbor inventory."
"6242P14","French Quarter Food Tour","Sidewalk Food Tours","SUPPLIER-hEBQ2hfZm8OCiEyftkY+uA==","ACTIVE","89","4.880435","184","","https://www.viator.com/tours/New-Orleans/French-Quarter-Food-Tour/d675-6242P14?mcid=42383&pid=P00306962&medium=api&api_version=2.0","viator-only","","","","","Live on Viator; not present in current FareHarbor inventory."
"187102P1","New Orleans Transportation Service","Private Transport and Tour","SUPPLIER-VXAjK+lMJmEhC8f6204ObA==","ACTIVE","60","4.9377594","241","","https://www.viator.com/tours/New-Orleans/Transportation-Tours-And-Dinner-Charters/d675-187102P1?mcid=42383&pid=P00306962&medium=api&api_version=2.0","viator-only","","","","","Live on Viator; not present in current FareHarbor inventory."
"6242P15","Lower Garden District Food Tour","Sidewalk Food Tours","SUPPLIER-hEBQ2hfZm8OCiEyftkY+uA==","ACTIVE","89","4.804878","82","","https://www.viator.com/tours/New-Orleans/Lower-Garden-District-Food-Tour/d675-6242P15?mcid=42383&pid=P00306962&medium=api&api_version=2.0","viator-only","","","","","Live on Viator; not present in current FareHarbor inventory."
"166014P1","Henley's Private Tours - ""Educational-Comfortable-Entertaining""","Henley's Private Tours - Guest say ""Best New Orleans Private Tour""","SUPPLIER-8UDPSvo7d4/t0Gt3eoqgZg==","ACTIVE","495","4.944056","143","","https://www.viator.com/tours/New-Orleans/Henleys-Private-Tours-New-Orleans-Area-Custom-Private-Tour/d675-166014P1?mcid=42383&pid=P00306962&medium=api&api_version=2.0","viator-only","","","","","Live on Viator; not present in current FareHarbor inventory."
"58347P2","New Orleans Creole Odyssey Small-Group Bike Tour","Flambeaux Bicycle Tours","SUPPLIER-XRJK8q5b43rHmXCy/j9GCQ==","ACTIVE","55","4.960854","281","","https://www.viator.com/tours/New-Orleans/Creole-Odyssey-Bicycle-Tour/d675-58347P2?mcid=42383&pid=P00306962&medium=api&api_version=2.0","viator-only","","","","","Live on Viator; not present in current FareHarbor inventory."
"68135P4","Guided Laura Plantation Tour from New Orleans","Legendary Tours INC","SUPPLIER-kGNFyuOmz8pCC8XPGO1Vvg==","ACTIVE","79","4.5555553","18","","https://www.viator.com/tours/New-Orleans/Creole-Laura-Plantation/d675-68135P4?mcid=42383&pid=P00306962&medium=api&api_version=2.0","viator-only","","","","","Live on Viator; not present in current FareHarbor inventory."
"7632P1","New Orleans Brothels, Bordellos, and Ladies of the Night Tour","Two Chicks Walking Tours","SUPPLIER-yPrhbDGjGigB+pO0K76f5w==","ACTIVE","37","4.9259257","108","","https://www.viator.com/tours/New-Orleans/Brothels-Bordellos-And-Ladies-Of-The-Night-Walking-Tour/d675-7632P1?mcid=42383&pid=P00306962&medium=api&api_version=2.0","viator-only","","","","","Live on Viator; not present in current FareHarbor inventory."
"59529P5","The French Quarter Tipsy Haunted & History Tour","Spectral City Tours","SUPPLIER-dAzOHf+DKLrMYB8gVkrQxQ==","ACTIVE","35","4.8157897","38","","https://www.viator.com/tours/New-Orleans/French-Quarter-Drunk-and-Haunted/d675-59529P5?mcid=42383&pid=P00306962&medium=api&api_version=2.0","viator-only","","","","","Live on Viator; not present in current FareHarbor inventory."
"13179P12","11 Passenger Executive Van: New Orleans Airport or Hotel Transfer","Alert transportation llc","SUPPLIER-/2RTuUvUfkfoIySgh1/Ngg==","ACTIVE","197.34","4.2727275","11","","https://www.viator.com/tours/New-Orleans/11-Passenger-Executive-Van-New-Orleans-Airport-or-Hotel-Transfer/d675-13179P12?mcid=42383&pid=P00306962&medium=api&api_version=2.0","viator-only","","","","","Live on Viator; not present in current FareHarbor inventory."
"87311P1","Private New Orleans Culinary, Cocktail and Kitchen Adventure","Nola Detours","SUPPLIER-8/mcq6VF/wbkee27HoTFzw==","ACTIVE","270","4.75","16","","https://www.viator.com/tours/New-Orleans/Historic-Cocktail-Culinary-and-Kitchen-Adventure/d675-87311P1?mcid=42383&pid=P00306962&medium=api&api_version=2.0","viator-only","","","","","Live on Viator; not present in current FareHarbor inventory."
"325289P4","Oak Alley Plantation Tour with Hotel Pickup from New Orleans","2nd Line Tours/Experience","SUPPLIER-s/jb9NZYcqhzTEP+NcQ6oA==","ACTIVE","75","3.8181818","11","","https://www.viator.com/tours/New-Orleans/Oak-alley-plantation-tour/d675-325289P4?mcid=42383&pid=P00306962&medium=api&api_version=2.0","viator-only","","","","","Live on Viator; not present in current FareHarbor inventory."
"9349P44","New Orleans Historical and Haunted Walking Tour","New Orleans Drunk History Tours • Show Me New Orleans Tours","SUPPLIER-hqWPcDmLjss0qH0WgTLHdQ==","ACTIVE","19.8","4.5384617","26","","https://www.viator.com/tours/New-Orleans/New-Orleans-Historical-Walking-Tour/d675-9349P44?mcid=42383&pid=P00306962&medium=api&api_version=2.0","viator-only","","","","","Live on Viator; not present in current FareHarbor inventory."
"73172P9","New Orleans Arrival Chauffeur Driven Transport","Burton Transit","SUPPLIER-xwFIo9eM8RvIQMxkxlOx6g==","ACTIVE","70.83","4.5136986","146","","https://www.viator.com/tours/New-Orleans/Shared-Arrival-Transfer-New-Orleans-Airport-to-Hotel-or-Cruise-Port/d675-73172P9?mcid=42383&pid=P00306962&medium=api&api_version=2.0","viator-only","","","","","Live on Viator; not present in current FareHarbor inventory."
"5889P9","Private Ghost, Voodoo and Vampire Tour","Witches Brew Tours","SUPPLIER-O7HfB6f8jsdGQRyiBv89ZQ==","ACTIVE","800","4.744681","94","","https://www.viator.com/tours/New-Orleans/Private-New-Orleans-Ghost-Vampire-and-Voodoo-Tour/d675-5889P9?mcid=42383&pid=P00306962&medium=api&api_version=2.0","viator-only","","","","","Live on Viator; not present in current FareHarbor inventory."
"17139P5","New Orleans Private Vehicle City Tour","Livery Tours","SUPPLIER-O3LfORGHa/QxIbIsbqDNHQ==","ACTIVE","750","5","5","","https://www.viator.com/tours/New-Orleans/Livery-Tours-Private-Vehicle-City-Tour/d675-17139P5?mcid=42383&pid=P00306962&medium=api&api_version=2.0","viator-only","","","","","Live on Viator; not present in current FareHarbor inventory."
"19830P2","Private French Quarter Walking Tour","New Orleans Private Tours","SUPPLIER-Jl6/QXqExPDJ52AR+aUZvg==","ACTIVE","350","5","11","","https://www.viator.com/tours/New-Orleans/Private-French-Quarter-Walking-Tour/d675-19830P2?mcid=42383&pid=P00306962&medium=api&api_version=2.0","viator-only","","","","","Live on Viator; not present in current FareHarbor inventory."
"67615P4","Pub Crawl: New Orleans Ghosts, Boos, and Booze","New Orleans Ghosts By Us Ghost Adventures","SUPPLIER-XXSuSoEzftk2tmlRErvgaA==","ACTIVE","29","4.714286","14","","https://www.viator.com/tours/New-Orleans/New-Orleans-Ghosts-Boos-and-Booze-Haunted-Pub-Crawl/d675-67615P4?mcid=42383&pid=P00306962&medium=api&api_version=2.0","viator-only","","","","","Live on Viator; not present in current FareHarbor inventory."
"442803P1","New Orleans from or to Louis Armstrong Airport Private Transfer","Chuffur","SUPPLIER-0Rlud/4J2aDvjdJELCL30g==","ACTIVE","70","4.6666665","6","","https://www.viator.com/tours/New-Orleans/Chauffered-Luxury-Airport-Transfer/d675-442803P1?mcid=42383&pid=P00306962&medium=api&api_version=2.0","viator-only","","","","","Live on Viator; not present in current FareHarbor inventory."
"22050P8","Manchac Swamp Extended 4-Hour Kayak Tour with Pickup","New Orleans Kayak Swamp Tours","SUPPLIER-CN3etwHlngDFw8ce4fY4dQ==","ACTIVE","175","5","39","","https://www.viator.com/tours/New-Orleans/Manchac-Swamp-Kayak-Tour-Extended/d675-22050P8?mcid=42383&pid=P00306962&medium=api&api_version=2.0","viator-only","","","","","Live on Viator; not present in current FareHarbor inventory."
"9349P18","Spirits of the French Quarter: A Halloween Special Event Tour","New Orleans Drunk History Tours • Show Me New Orleans Tours","SUPPLIER-hqWPcDmLjss0qH0WgTLHdQ==","ACTIVE","65","3.5555556","9","","https://www.viator.com/tours/New-Orleans/Spirits-of-the-French-Quarter-A-Halloween-Special-Event-Tour/d675-9349P18?mcid=42383&pid=P00306962&medium=api&api_version=2.0","viator-only","","","","","Live on Viator; not present in current FareHarbor inventory."
"155886P4","Private New Orleans Double Plantation Tour: Oak Alley and Laura","""La Vie"" New Orleans Private Tours","SUPPLIER-EEM0IQkbzxRJ93wqAnA81Q==","ACTIVE","585","5","10","","https://www.viator.com/tours/New-Orleans/Double-Plantation-Tour/d675-155886P4?mcid=42383&pid=P00306962&medium=api&api_version=2.0","viator-only","","","","","Live on Viator; not present in current FareHarbor inventory."
"58762P4","Small-Group Voodoo Tour in New Orleans","New Orleans Secrets Tours","SUPPLIER-O4vUi32/voXAoLkcd+Q9YQ==","ACTIVE","49","4.75","16","","https://www.viator.com/tours/New-Orleans/VOODOO-Uncovering-Fact-from-Fiction-MICRO-group-size/d675-58762P4?mcid=42383&pid=P00306962&medium=api&api_version=2.0","viator-only","","","","","Live on Viator; not present in current FareHarbor inventory."
"2292P27","Private New Orleans Historical Sightseeing Tour with Hotel Pickup","Tours by Isabelle","SUPPLIER-/SCgQegRelYc02enrvEGfg==","ACTIVE","480","5","17","","https://www.viator.com/tours/New-Orleans/Private-New-Orleans-Historical-and-Sightseeing-Tour/d675-2292P27?mcid=42383&pid=P00306962&medium=api&api_version=2.0","viator-only","","","","","Live on Viator; not present in current FareHarbor inventory."
"276551P4","Craft Beer and Garden District Bike Tour in New Orleans","Paved Paradise Bike Tours New Orleans","SUPPLIER-SGC+lICLwqvkJUFkwkB+yw==","ACTIVE","89","5","9","","https://www.viator.com/tours/New-Orleans/Craft-Beer-Garden-District-Bike-Tour/d675-276551P4?mcid=42383&pid=P00306962&medium=api&api_version=2.0","viator-only","","","","","Live on Viator; not present in current FareHarbor inventory."
"3252P8","New Orleans Voodoo History Walking Tour","Haunted History Tours","SUPPLIER-xe2YbZ42ogLOrNtIzC5ybg==","ACTIVE","30","4.2727275","88","","https://www.viator.com/tours/New-Orleans/New-Orleans-Voodoo-Tour/d675-3252P8?mcid=42383&pid=P00306962&medium=api&api_version=2.0","viator-only","","","","","Live on Viator; not present in current FareHarbor inventory."
"7632P2","Highlights of the French Quarter Small-Group Walking Tour","Two Chicks Walking Tours","SUPPLIER-yPrhbDGjGigB+pO0K76f5w==","ACTIVE","37","4.882353","153","","https://www.viator.com/tours/New-Orleans/French-Quarter-Stroll/d675-7632P2?mcid=42383&pid=P00306962&medium=api&api_version=2.0","viator-only","","","","","Live on Viator; not present in current FareHarbor inventory."
"66984P5","Private VIP Frenchmen Street Live Music Pub Crawl New Orleans","Big Easy Walking Tours","SUPPLIER-M1DStTinwJpSoe1ZR6VcjA==","ACTIVE","272.25","4.75","20","","https://www.viator.com/tours/New-Orleans/Private-Frenchmen-Street-Pub-Crawl/d675-66984P5?mcid=42383&pid=P00306962&medium=api&api_version=2.0","viator-only","","","","","Live on Viator; not present in current FareHarbor inventory."
"155886P6","New Orleans Plantation Tour with Transportation","""La Vie"" New Orleans Private Tours","SUPPLIER-EEM0IQkbzxRJ93wqAnA81Q==","ACTIVE","390","5","9","","https://www.viator.com/tours/New-Orleans/Plantation-Tour/d675-155886P6?mcid=42383&pid=P00306962&medium=api&api_version=2.0","viator-only","","","","","Live on Viator; not present in current FareHarbor inventory."
"66984P4","Citywide Driving Tour with a Jazz Musician","Big Easy Walking Tours","SUPPLIER-M1DStTinwJpSoe1ZR6VcjA==","ACTIVE","82.5","4.9390244","164","","https://www.viator.com/tours/New-Orleans/Citywide-Private-Tour-w-Local-Jazz-Musician/d675-66984P4?mcid=42383&pid=P00306962&medium=api&api_version=2.0","viator-only","","","","","Live on Viator; not present in current FareHarbor inventory."
"175552P6","Adults-Only True Crime, Mafia, Dark History Tour","Hottest Hell Tours - Adults Only","SUPPLIER-capbir9Rey9vQ3F5w0nO2Q==","ACTIVE","37","5","24","","https://www.viator.com/tours/New-Orleans/Adults-Only-New-Orleans-True-Crime-and-Dark-History-Walking-Tour/d675-175552P6?mcid=42383&pid=P00306962&medium=api&api_version=2.0","viator-only","","","","","Live on Viator; not present in current FareHarbor inventory."
"5889P14","Pub Crawl: New Orleans' Finest Haunted Pub Tour","Witches Brew Tours","SUPPLIER-O7HfB6f8jsdGQRyiBv89ZQ==","ACTIVE","37.99","4.6842103","38","","https://www.viator.com/tours/New-Orleans/Drunk-Spirits-New-Orleans-Haunted-Pub-Crawl/d675-5889P14?mcid=42383&pid=P00306962&medium=api&api_version=2.0","viator-only","","","","","Live on Viator; not present in current FareHarbor inventory."
"120103P5","Historic Metairie Cemetery Walking Tour by Save Our Cemeteries","Save Our Cemeteries","SUPPLIER-kuAocYpU7KmbmuNHcnu3vw==","ACTIVE","35","4.9809523","105","","https://www.viator.com/tours/New-Orleans/Metairie-Cemetery-Walking-Tour/d675-120103P5?mcid=42383&pid=P00306962&medium=api&api_version=2.0","viator-only","","","","","Live on Viator; not present in current FareHarbor inventory."
"487274P1","New Orleans Seance Experience","Hex: Old World Witchery","SUPPLIER-CkUa2sT6838qa8XPkdwCgA==","ACTIVE","50","4.2727275","11","","https://www.viator.com/tours/New-Orleans/New-Orleans-Seance/d675-487274P1?mcid=42383&pid=P00306962&medium=api&api_version=2.0","viator-only","","","","","Live on Viator; not present in current FareHarbor inventory."
"155186P1","French Quarter Supernatural Ghost Hunt: Full Paranormal Lockdown","Bloody Mary's  Tours","SUPPLIER-6Np3bwZuRlrwYaPggxnk0Q==","ACTIVE","99","4.2391305","46","","https://www.viator.com/tours/New-Orleans/Ghost-Hunting-Supernatural-Tour-Ghost-Voodoo-Hands-on-Paranormal/d675-155186P1?mcid=42383&pid=P00306962&medium=api&api_version=2.0","viator-only","","","","","Live on Viator; not present in current FareHarbor inventory."
"9349P24","New Orleans Ghost Hunters 101 with Electronic Field Meter","New Orleans Drunk History Tours • Show Me New Orleans Tours","SUPPLIER-hqWPcDmLjss0qH0WgTLHdQ==","ACTIVE","19","3.6153846","13","","https://www.viator.com/tours/New-Orleans/New-Orleans-Ghost-Hunters-101/d675-9349P24?mcid=42383&pid=P00306962&medium=api&api_version=2.0","viator-only","","","","","Live on Viator; not present in current FareHarbor inventory."
"391957P3","New Orleans Party Bus","ROULE' TRANSPORTATION NEW ORLEANS' LIMOUSINE & SHUTTLE SERVICE","SUPPLIER-+xwOxOubQxP0SiMKhjdiqw==","ACTIVE","600","5","2","","https://www.viator.com/tours/New-Orleans/Party-Bus-in-the-New-Orleans-and-Surrounding-Area/d675-391957P3?mcid=42383&pid=P00306962&medium=api&api_version=2.0","viator-only","","","","","Live on Viator; not present in current FareHarbor inventory."
"52202P8","Jewish History Tour of New Orleans","NOLA Tours","SUPPLIER-xm4ocQq84RNzOXu3ufD1oA==","ACTIVE","40","4.878788","33","","https://www.viator.com/tours/New-Orleans/Jewish-History-of-New-Orleans/d675-52202P8?mcid=42383&pid=P00306962&medium=api&api_version=2.0","viator-only","","","","","Live on Viator; not present in current FareHarbor inventory."
"19830P6","New Orleans Private Food Tour","New Orleans Private Tours","SUPPLIER-Jl6/QXqExPDJ52AR+aUZvg==","ACTIVE","266.67","5","3","","https://www.viator.com/tours/New-Orleans/Taste-of-New-Orleans/d675-19830P6?mcid=42383&pid=P00306962&medium=api&api_version=2.0","viator-only","","","","","Live on Viator; not present in current FareHarbor inventory."
"256626P2","Highights Of New Orleans: Voodoo & Cemetery Tour","PACHA TOURS","SUPPLIER-ye1xBydyaaO/K8Y+32maOA==","ACTIVE","170","","0","","https://www.viator.com/tours/New-Orleans/Highights-Of-New-Orleans-Voodoo-and-Cemetery-Tour/d675-256626P2?mcid=42383&pid=P00306962&medium=api&api_version=2.0","viator-only","","","","","Live on Viator; not present in current FareHarbor inventory."
"68135P3","Half-Day Oak Alley Plantation Tour","Legendary Tours INC","SUPPLIER-kGNFyuOmz8pCC8XPGO1Vvg==","ACTIVE","79","3.75","8","","https://www.viator.com/tours/New-Orleans/Oak-Alley-Plantation-Tour/d675-68135P3?mcid=42383&pid=P00306962&medium=api&api_version=2.0","viator-only","","","","","Live on Viator; not present in current FareHarbor inventory."
"9349P16","New Orleans Legends, Folklore, Myths, Superstitions and Spells Tour","New Orleans Drunk History Tours • Show Me New Orleans Tours","SUPPLIER-hqWPcDmLjss0qH0WgTLHdQ==","ACTIVE","35","4.285714","7","","https://www.viator.com/tours/New-Orleans/New-Orleans-Legends-Folklore-Myths-Superstitions-and-Spells-Tour/d675-9349P16?mcid=42383&pid=P00306962&medium=api&api_version=2.0","viator-only","","","","","Live on Viator; not present in current FareHarbor inventory."
"59529P8","The Badly Behaved Women Who Made New Orleans Tour","Spectral City Tours","SUPPLIER-dAzOHf+DKLrMYB8gVkrQxQ==","ACTIVE","35","4.928571","14","","https://www.viator.com/tours/New-Orleans/City-of-Sin-Storyville-and-Vice-Tour/d675-59529P8?mcid=42383&pid=P00306962&medium=api&api_version=2.0","viator-only","","","","","Live on Viator; not present in current FareHarbor inventory."
"5423MSYHTLAPT_P","Private Departure Transfer to Louis Armstrong New Orleans Airport MSY","Carmel Car & Limousine Service","SUPPLIER-Dnmt2di30LOU//r+mrs1OQ==","ACTIVE","67.2","4.523077","130","","https://www.viator.com/tours/New-Orleans/Private-Departure-Transfer-Hotel-to-Louis-Armstrong-International-Airport/d675-5423MSYHTLAPT_P?mcid=42383&pid=P00306962&medium=api&api_version=2.0","viator-only","","","","","Live on Viator; not present in current FareHarbor inventory."
"9349P2","New Orleans History and Hauntings Tour","New Orleans Drunk History Tours • Show Me New Orleans Tours","SUPPLIER-hqWPcDmLjss0qH0WgTLHdQ==","ACTIVE","22.4","3.4166667","12","","https://www.viator.com/tours/New-Orleans/French-Quarter-Tour-History-Culture-and-Haunting/d675-9349P2?mcid=42383&pid=P00306962&medium=api&api_version=2.0","viator-only","","","","","Live on Viator; not present in current FareHarbor inventory."
"70704P13","Private Full-Day City, Swamp, and Plantation Tour","Michaelas Private New Orleans Tours","SUPPLIER-vUQ7hVkaVBiGm1+ngXthGw==","ACTIVE","693.33","","0","","https://www.viator.com/tours/New-Orleans/Full-Day-City-Swamp-and-Plantation-Combo-Tour/d675-70704P13?mcid=42383&pid=P00306962&medium=api&api_version=2.0","viator-only","","","","","Live on Viator; not present in current FareHarbor inventory."
"391957P1","Private Casino Shuttle: New Orleans → Biloxi Jackpot Adventure","ROULE' TRANSPORTATION NEW ORLEANS' LIMOUSINE & SHUTTLE SERVICE","SUPPLIER-+xwOxOubQxP0SiMKhjdiqw==","ACTIVE","299","5","4","","https://www.viator.com/tours/New-Orleans/Airport-Transfers-and-Special-Event-Transportation/d675-391957P1?mcid=42383&pid=P00306962&medium=api&api_version=2.0","viator-only","","","","","Live on Viator; not present in current FareHarbor inventory."
"73172P39","New Orleans Departure Chauffeur Driven Transport by Executive Sprinter","Burton Transit","SUPPLIER-xwFIo9eM8RvIQMxkxlOx6g==","ACTIVE","167.5","","0","","https://www.viator.com/tours/New-Orleans/Private-Departure-Transfer-MSY-to-Hotel-or-Cruise-Port-by-Executive-Sprinter/d675-73172P39?mcid=42383&pid=P00306962&medium=api&api_version=2.0","viator-only","","","","","Live on Viator; not present in current FareHarbor inventory."
"9349P12","The Big Easy Insider Tour: The Local's Experience","New Orleans Drunk History Tours • Show Me New Orleans Tours","SUPPLIER-hqWPcDmLjss0qH0WgTLHdQ==","ACTIVE","55","4.75","4","","https://www.viator.com/tours/New-Orleans/The-Big-Easy-Tour/d675-9349P12?mcid=42383&pid=P00306962&medium=api&api_version=2.0","viator-only","","","","","Live on Viator; not present in current FareHarbor inventory."
"21752P4","All in one French Quarter Tour With Local Tour Guide Raffle","Taste of Nawlins Culinary History Tour","SUPPLIER-obN5bzQDuW5TKqyUC4kzwQ==","ACTIVE","15","4.4074073","27","","https://www.viator.com/tours/New-Orleans/Taste-of-Nawlins-Breakfast-Tour/d675-21752P4?mcid=42383&pid=P00306962&medium=api&api_version=2.0","viator-only","","","","","Live on Viator; not present in current FareHarbor inventory."
"400627P1","Beyond the Grave Cemetery Tour New Orleans","DuPont and Company","SUPPLIER-mtOjTpeAgjupEokgIPG3CQ==","ACTIVE","35","4.714286","7","","https://www.viator.com/tours/New-Orleans/Cemetery-Tour-New-Orleans/d675-400627P1?mcid=42383&pid=P00306962&medium=api&api_version=2.0","viator-only","","","","","Live on Viator; not present in current FareHarbor inventory."
"58762P7","Garden District Tour: Extra-Small Group of Nine or Less","New Orleans Secrets Tours","SUPPLIER-O4vUi32/voXAoLkcd+Q9YQ==","ACTIVE","49","5","7","","https://www.viator.com/tours/New-Orleans/Garden-District-tour-EXTRA-small-group-of-9-or-less/d675-58762P7?mcid=42383&pid=P00306962&medium=api&api_version=2.0","viator-only","","","","","Live on Viator; not present in current FareHarbor inventory."
"24380P1306","The Soul of New Orleans: Jazz History Private Tour","Withlocals","SUPPLIER-Xnh43+vsCvW97TLl0thktQ==","ACTIVE","113.56","5","4","","https://www.viator.com/tours/New-Orleans/The-Soul-of-New-Orleans-Jazz-History-Private-Tour/d675-24380P1306?mcid=42383&pid=P00306962&medium=api&api_version=2.0","viator-only","","","","","Live on Viator; not present in current FareHarbor inventory."
"70704P1","Highlights of New Orleans Private Driving Tour","Michaelas Private New Orleans Tours","SUPPLIER-vUQ7hVkaVBiGm1+ngXthGw==","ACTIVE","495","5","16","","https://www.viator.com/tours/New-Orleans/Introduction-to-New-Orleans-Tour/d675-70704P1?mcid=42383&pid=P00306962&medium=api&api_version=2.0","viator-only","","","","","Live on Viator; not present in current FareHarbor inventory."
"415875P3","Luxury Private Airport Transfer Service in New Orleans","Yo-Yo Luxury Rides","SUPPLIER-Ybypet0DPSSmuIzuwyADvw==","ACTIVE","50","5","3","","https://www.viator.com/tours/New-Orleans/Luxury-Airport-Transfer-Service-in-New-Orleans/d675-415875P3?mcid=42383&pid=P00306962&medium=api&api_version=2.0","viator-only","","","","","Live on Viator; not present in current FareHarbor inventory."
"258973P2","French Quarter Ghost Tour","Jonathan Weiss Tours","SUPPLIER-wIuE11WwW8bCRd104uu0mw==","ACTIVE","30","4.769231","52","","https://www.viator.com/tours/New-Orleans/French-Quarter-Ghost-Tour/d675-258973P2?mcid=42383&pid=P00306962&medium=api&api_version=2.0","viator-only","","","","","Live on Viator; not present in current FareHarbor inventory."
"6953P11","Garden District Walking Tour of New Orleans","Cajun Encounters Tour Co.","SUPPLIER-Ls68Tv9wCH9YKPX1YdQD0g==","ACTIVE","32.36","4.44","25","","https://www.viator.com/tours/New-Orleans/Garden-District-Tour-of-New-Orleans/d675-6953P11?mcid=42383&pid=P00306962&medium=api&api_version=2.0","possible-match-needs-review","","","","","Active on Viator (supplier ref SUPPLIER-Ls68Tv9wCH9YKPX1YdQD0g==); NO active FareHarbor item/flow ID configured in repository."
"85439P1430","Private Transfer: Louis Armstrong Airport MSY to New Orleans in Luxury SUV","PROFI DRIVER","SUPPLIER-/mmbTtOyxt6xnnxJjzbrAw==","ACTIVE","127.61","5","5","","https://www.viator.com/tours/New-Orleans/New-Orleans-Airport-Transfers-Airport-MSY-to-New-Orleans-in-Luxury-SUV/d675-85439P1430?mcid=42383&pid=P00306962&medium=api&api_version=2.0","viator-only","","","","","Live on Viator; not present in current FareHarbor inventory."
"40380P455","Transfer from New Orleans MSY or Port to New Orleans by Minibus","RHOMTRIP","SUPPLIER-XN12YGfFEjJv/of9iTxG6w==","ACTIVE","195.31","5","3","","https://www.viator.com/tours/New-Orleans/Arrival-Private-Transfer-New-Orleans-MSY-or-Port-to-New-Orleans-by-Minibus/d675-40380P455?mcid=42383&pid=P00306962&medium=api&api_version=2.0","viator-only","","","","","Live on Viator; not present in current FareHarbor inventory."
"103118P203","Private Vacation Photography Session with Photographer in New Orleans","Flytographer","SUPPLIER-ItQqzlxvIHK0M5WtAhe1vg==","ACTIVE","325","5","2","","https://www.viator.com/tours/New-Orleans/60-Minute-Private-Vacation-Photography-Session-with-Photographer-in-New-Orleans/d675-103118P203?mcid=42383&pid=P00306962&medium=api&api_version=2.0","viator-only","","","","","Live on Viator; not present in current FareHarbor inventory."
"155886P2","Private Airboat Swamp Tour","""La Vie"" New Orleans Private Tours","SUPPLIER-EEM0IQkbzxRJ93wqAnA81Q==","ACTIVE","965","5","2","","https://www.viator.com/tours/New-Orleans/Angels-Oaks-and-Ironwork/d675-155886P2?mcid=42383&pid=P00306962&medium=api&api_version=2.0","viator-only","","","","","Live on Viator; not present in current FareHarbor inventory."
"15200P22","From New Orleans: Private Haunted Myrtles Plantation Adventure","Louisiana Tour company","SUPPLIER-8uzrrU87wFWL6UuPGaaAkw==","ACTIVE","999","5","1","","https://www.viator.com/tours/New-Orleans/Private-Haunted-Myrtles-Plantation-Adventure/d675-15200P22?mcid=42383&pid=P00306962&medium=api&api_version=2.0","viator-only","","","","","Live on Viator; not present in current FareHarbor inventory."
"9349P22","Crescent City History Tour","New Orleans Drunk History Tours • Show Me New Orleans Tours","SUPPLIER-hqWPcDmLjss0qH0WgTLHdQ==","ACTIVE","35","5","3","","https://www.viator.com/tours/New-Orleans/Crescent-City-History-Tour/d675-9349P22?mcid=42383&pid=P00306962&medium=api&api_version=2.0","viator-only","","","","","Live on Viator; not present in current FareHarbor inventory."
"222222P39","Self-Guided Walking Tour French Quarter In New Orleans","WalknTours","SUPPLIER-Y0oOqfFRe3mpVSBB9usiKg==","ACTIVE","8.99","4.076923","13","","https://www.viator.com/tours/New-Orleans/The-Best-of-The-Historic-French-Quarter-Self-Guided-GPS-Audio-App-Walking-Tour/d675-222222P39?mcid=42383&pid=P00306962&medium=api&api_version=2.0","viator-only","","","","","Live on Viator; not present in current FareHarbor inventory."
"70704P18","Highlights of New Orleans: City and Swamp Combo Tour","Michaelas Private New Orleans Tours","SUPPLIER-vUQ7hVkaVBiGm1+ngXthGw==","ACTIVE","546.67","5","2","","https://www.viator.com/tours/New-Orleans/Highlights-of-New-Orleans-City-and-Swamp-Tour-Combination/d675-70704P18?mcid=42383&pid=P00306962&medium=api&api_version=2.0","viator-only","","","","","Live on Viator; not present in current FareHarbor inventory."
"5889P21","New Orleans True Crime Ghost Hunt and Tour","Witches Brew Tours","SUPPLIER-O7HfB6f8jsdGQRyiBv89ZQ==","ACTIVE","39.99","5","7","","https://www.viator.com/tours/New-Orleans/High-Crimes-and-Apparitions-An-Immersive-True-Crime-Tour/d675-5889P21?mcid=42383&pid=P00306962&medium=api&api_version=2.0","viator-only","","","","","Live on Viator; not present in current FareHarbor inventory."
"87311P6","Private Art and Street Art Tour of New Orleans with Lunch","Nola Detours","SUPPLIER-8/mcq6VF/wbkee27HoTFzw==","ACTIVE","270","4.6666665","9","","https://www.viator.com/tours/New-Orleans/Funky-NOLA-Shopping-and-Art-Galleries/d675-87311P6?mcid=42383&pid=P00306962&medium=api&api_version=2.0","viator-only","","","","","Live on Viator; not present in current FareHarbor inventory."
"8924P4","New Orleans Private City and Cemetery Tour: Up to 24 Passengers","New Orleans Native Tours - Day Tours","SUPPLIER-SgX3D4rsmw0dGDd9S+Sm/g==","ACTIVE","800","5","4","","https://www.viator.com/tours/New-Orleans/Private-City-and-Cemetery-Tour/d675-8924P4?mcid=42383&pid=P00306962&medium=api&api_version=2.0","viator-only","","","","","Live on Viator; not present in current FareHarbor inventory."
"309297P1","New Orleans French Quarter Dark History, Haunts, and Laughs Tour","Travel Learn Laugh Tours","SUPPLIER-XNiWbhKL7Pkze1Mk7aE3HQ==","ACTIVE","35","4.866667","30","","https://www.viator.com/tours/New-Orleans/French-Quarter-Dark-History-Comedy-Walking-Tour/d675-309297P1?mcid=42383&pid=P00306962&medium=api&api_version=2.0","viator-only","","","","","Live on Viator; not present in current FareHarbor inventory."
"338595P5","MSY to/from Baton Rouge, LA (Rover RSD)","Rover RSD LLC.  Transportation Services","SUPPLIER-mDzcGLk4SzdRrVki47kBig==","ACTIVE","120","3","1","","https://www.viator.com/tours/New-Orleans/Private-Express-Transport-between-Baton-Rouge-LA-and-New-Orleans-LA/d675-338595P5?mcid=42383&pid=P00306962&medium=api&api_version=2.0","viator-only","","","","","Live on Viator; not present in current FareHarbor inventory."
"400627P4","Ghosts of the French Quarter Walking Tour in New Orleans","DuPont and Company","SUPPLIER-mtOjTpeAgjupEokgIPG3CQ==","ACTIVE","35","4.5","24","","https://www.viator.com/tours/New-Orleans/Ghosts-of-the-French-Quarter-Tour/d675-400627P4?mcid=42383&pid=P00306962&medium=api&api_version=2.0","viator-only","","","","","Live on Viator; not present in current FareHarbor inventory."
"9349P33","The New Orleans Five in One Extravaganza Tour","New Orleans Drunk History Tours • Show Me New Orleans Tours","SUPPLIER-hqWPcDmLjss0qH0WgTLHdQ==","ACTIVE","35","4.428571","7","","https://www.viator.com/tours/New-Orleans/The-New-Orleans-Extravaganza-Tour/d675-9349P33?mcid=42383&pid=P00306962&medium=api&api_version=2.0","viator-only","","","","","Live on Viator; not present in current FareHarbor inventory."
"8870P16","Hard Rock Cafe New Orleans","Hard Rock Cafe USA","SUPPLIER-l+4rHEmHwiwk8i/kQhCGvw==","ACTIVE","41.03","3.471698","53","","https://www.viator.com/tours/New-Orleans/Hard-Rock-Cafe-New-Orleans/d675-8870P16?mcid=42383&pid=P00306962&medium=api&api_version=2.0","viator-only","","","","","Live on Viator; not present in current FareHarbor inventory."
"114962P1","French Quarter Walking Tour: LGBTQ History, Literary History, and Voodoo","Frank Perez","SUPPLIER-8D1N4RT7U+boTIr9Wytzig==","ACTIVE","40","5","11","","https://www.viator.com/tours/New-Orleans/French-Quarter-walking-Tours-LGBTQ-History-Literary-History-Voodoo-etc/d675-114962P1?mcid=42383&pid=P00306962&medium=api&api_version=2.0","viator-only","","","","","Live on Viator; not present in current FareHarbor inventory."
"9349P13","New Orleans Ghost Adventure","New Orleans Drunk History Tours • Show Me New Orleans Tours","SUPPLIER-hqWPcDmLjss0qH0WgTLHdQ==","ACTIVE","35","3","4","","https://www.viator.com/tours/New-Orleans/French-Quarter-Walking-Tour/d675-9349P13?mcid=42383&pid=P00306962&medium=api&api_version=2.0","viator-only","","","","","Live on Viator; not present in current FareHarbor inventory."
"40380P454","Private Departure New Orleans to New Orleans MSY or Port by SUV","RHOMTRIP","SUPPLIER-XN12YGfFEjJv/of9iTxG6w==","ACTIVE","108.51","5","3","","https://www.viator.com/tours/New-Orleans/Departure-Private-Transfer-New-Orleans-to-New-Orleans-MSY-or-Port-by-SUV/d675-40380P454?mcid=42383&pid=P00306962&medium=api&api_version=2.0","viator-only","","","","","Live on Viator; not present in current FareHarbor inventory."
"3780P94","Jazz Dinner Cruise aboard the Riverboat City of New Orleans","Gray Line New Orleans","SUPPLIER-AIVIONkKdK8JLCRg2obcyw==","ACTIVE","59.5","4","4","","https://www.viator.com/tours/New-Orleans/2-Hour-CITY-of-NEW-ORLEANS-Riverboat-Dinner-Jazz-Cruise/d675-3780P94?mcid=42383&pid=P00306962&medium=api&api_version=2.0","possible-match-needs-review","Gray Line New Orleans / New Orleans Steamboat Co.","neworleanssteamboatcompany","","","Operator is on FareHarbor under 'neworleanssteamboatcompany', but this specific tour code is not yet item-mapped."
"360446P7","Covered Boat Swamp Tour","Ragin Cajun Swamp Tours, LLC","SUPPLIER-MMapcC0R+BSJH6rxktuBiQ==","ACTIVE","36","2","1","","https://www.viator.com/tours/Louisiana/Covered-Boat-Swamp-Tour-with-Transportation-from-New-Orleans/d22168-360446P7?mcid=42383&pid=P00306962&medium=api&api_version=2.0","both-confirmed","Ragin Cajun Tours","ragincajuntours","590176","392449","Direct item match: FH ID 'ragincajun-covered-boat' (Item: 590176, Flow: 392449)"
"91161P2","New Orleans Weekend Garden District Food and History Tour","Bon Moment NOLA","SUPPLIER-gRRUIHgjTtascOF8c9jcxw==","ACTIVE","98","4.5384617","13","","https://www.viator.com/tours/New-Orleans/Eat-Like-a-Local-New-Orleans-Food-and-Drink-Tours/d675-91161P2?mcid=42383&pid=P00306962&medium=api&api_version=2.0","viator-only","","","","","Live on Viator; not present in current FareHarbor inventory."
"13179P16","Private Transfer from Port Of New of New Orleans Cruise","Alert transportation llc","SUPPLIER-/2RTuUvUfkfoIySgh1/Ngg==","ACTIVE","210","5","2","","https://www.viator.com/tours/New-Orleans/Private-Transfer-from-Port-Of-New-of-New-Orleans-Cruise/d675-13179P16?mcid=42383&pid=P00306962&medium=api&api_version=2.0","viator-only","","","","","Live on Viator; not present in current FareHarbor inventory."
"104357P48","New Orleans: Private Custom Guided Walking Tour","Guydeez","SUPPLIER-sPPmofdYs9yf+NKIMof/kQ==","ACTIVE","128.78","4","3","","https://www.viator.com/tours/New-Orleans/Private-Custom-Tour-with-a-Local-Guide-New-Orleans/d675-104357P48?mcid=42383&pid=P00306962&medium=api&api_version=2.0","viator-only","","","","","Live on Viator; not present in current FareHarbor inventory."
"13179P5","New Orleans Airport or Hotel Transfer","Alert transportation llc","SUPPLIER-/2RTuUvUfkfoIySgh1/Ngg==","ACTIVE","380","5","1","","https://www.viator.com/tours/New-Orleans/New-Orleans-Airport-or-Hotel-Transfer/d675-13179P5?mcid=42383&pid=P00306962&medium=api&api_version=2.0","viator-only","","","","","Live on Viator; not present in current FareHarbor inventory."
"226361P2","A Local's Garden District Tour","Leanne Sarco","SUPPLIER-q1X2u3kM9z2BDB+9TbOPkg==","ACTIVE","200","5","4","","https://www.viator.com/tours/New-Orleans/A-Locals-Garden-District-Tour/d675-226361P2?mcid=42383&pid=P00306962&medium=api&api_version=2.0","viator-only","","","","","Live on Viator; not present in current FareHarbor inventory."
"73172P11","New Orleans Round Trip Chauffeur Driven Transport","Burton Transit","SUPPLIER-xwFIo9eM8RvIQMxkxlOx6g==","ACTIVE","142","4.5283017","53","","https://www.viator.com/tours/New-Orleans/Private-Arrival-Transfer-New-Orleans-Airport-to-Hotel-or-Cruise-Port/d675-73172P11?mcid=42383&pid=P00306962&medium=api&api_version=2.0","viator-only","","","","","Live on Viator; not present in current FareHarbor inventory."
"107194P152","Ghost Hunt in New Orleans: Quest Experience","Questo","SUPPLIER-3Cg9l6wA7TIL5vwdjq5Sew==","ACTIVE","6.31","3.6666667","3","","https://www.viator.com/tours/New-Orleans/New-Orleans-Ghost-Hunt-Exploration-Game/d675-107194P152?mcid=42383&pid=P00306962&medium=api&api_version=2.0","viator-only","","","","","Live on Viator; not present in current FareHarbor inventory."
"9349P25","New Orleans Drunken Turkey Hunt","New Orleans Drunk History Tours • Show Me New Orleans Tours","SUPPLIER-hqWPcDmLjss0qH0WgTLHdQ==","ACTIVE","55","","0","","https://www.viator.com/tours/New-Orleans/New-Orleans-Drunken-Turkey-Hunt/d675-9349P25?mcid=42383&pid=P00306962&medium=api&api_version=2.0","viator-only","","","","","Live on Viator; not present in current FareHarbor inventory."
"40380P456","Departure from New Orleans to New Orleans MSY or Port by Minibus","RHOMTRIP","SUPPLIER-XN12YGfFEjJv/of9iTxG6w==","ACTIVE","195.31","5","2","","https://www.viator.com/tours/New-Orleans/Departure-Private-Transfer-New-Orleans-to-New-Orleans-MSY-or-Port-by-Minibus/d675-40380P456?mcid=42383&pid=P00306962&medium=api&api_version=2.0","viator-only","","","","","Live on Viator; not present in current FareHarbor inventory."
"5889P10","Private French Quarter, Voodoo, and Congo Square Walking Tour","Witches Brew Tours","SUPPLIER-O7HfB6f8jsdGQRyiBv89ZQ==","ACTIVE","350","4.9215684","51","","https://www.viator.com/tours/New-Orleans/Private-New-Orleans-St-Louis-Cemetery-1-Voodoo-and-French-Quarter-Tour/d675-5889P10?mcid=42383&pid=P00306962&medium=api&api_version=2.0","viator-only","","","","","Live on Viator; not present in current FareHarbor inventory."
"201921P1","Private French Quarter and Treme Walking Tour","Soul of Nola","SUPPLIER-B/HpDvXRyC4CB0mIugFA8w==","ACTIVE","320","5","29","","https://www.viator.com/tours/New-Orleans/Soul-of-NOLA-French-Quarter-and-Treme-Walking-Tour/d675-201921P1?mcid=42383&pid=P00306962&medium=api&api_version=2.0","viator-only","","","","","Live on Viator; not present in current FareHarbor inventory."
"73172P19","New Orleans Arrival Chauffeur Driven Transport","Burton Transit","SUPPLIER-xwFIo9eM8RvIQMxkxlOx6g==","ACTIVE","70.83","4.5454545","11","","https://www.viator.com/tours/New-Orleans/Shared-Arrival-Transfer-New-Orleans-Airport-to-Hotel-or-Cruise-Port/d675-73172P19?mcid=42383&pid=P00306962&medium=api&api_version=2.0","viator-only","","","","","Live on Viator; not present in current FareHarbor inventory."
"24380P1204","New Orleans Private Kickstart Tour with a Local","Withlocals","SUPPLIER-Xnh43+vsCvW97TLl0thktQ==","ACTIVE","64.39","4.7777777","9","","https://www.viator.com/tours/New-Orleans/Private-90-Minutes-Kickstart-Tour-of-New-Orleans-with-a-Local/d675-24380P1204?mcid=42383&pid=P00306962&medium=api&api_version=2.0","viator-only","","","","","Live on Viator; not present in current FareHarbor inventory."
"52202P6","Creole Architecture of the Marigny Tour","NOLA Tours","SUPPLIER-xm4ocQq84RNzOXu3ufD1oA==","ACTIVE","40","4.979592","49","","https://www.viator.com/tours/New-Orleans/Creole-Architecture-of-the-Marigny-Tour/d675-52202P6?mcid=42383&pid=P00306962&medium=api&api_version=2.0","viator-only","","","","","Live on Viator; not present in current FareHarbor inventory."
"353768P1","New Orleans Instagram Photo Tour","Fashart Photowalk","SUPPLIER-+lF0H46STcXcsoKvDu7GPg==","ACTIVE","95","4.6666665","3","","https://www.viator.com/tours/New-Orleans/Private-Instagram-Photo-Tour/d675-353768P1?mcid=42383&pid=P00306962&medium=api&api_version=2.0","viator-only","","","","","Live on Viator; not present in current FareHarbor inventory."
"117890P6","Private Photo Shoot in the Oaks in City Park","Beauty Photoshoot New Orleans","SUPPLIER-cqlyTTCI6cUq8x5dKYctqg==","ACTIVE","128.7","5","1","","https://www.viator.com/tours/New-Orleans/Private-Photo-shoot-in-the-Oaks-in-City-Park/d675-117890P6?mcid=42383&pid=P00306962&medium=api&api_version=2.0","viator-only","","","","","Live on Viator; not present in current FareHarbor inventory."
"13179P13","25 Passenger New Orleans Airport or Hotel Transfer","Alert transportation llc","SUPPLIER-/2RTuUvUfkfoIySgh1/Ngg==","ACTIVE","300","5","1","","https://www.viator.com/tours/New-Orleans/25-Passenger-New-Orleans-Airport-or-Hotel-Transfer/d675-13179P13?mcid=42383&pid=P00306962&medium=api&api_version=2.0","viator-only","","","","","Live on Viator; not present in current FareHarbor inventory."
"9349P6","Pub Crawl: French Quarter Haunted History Cocktail Tour","New Orleans Drunk History Tours • Show Me New Orleans Tours","SUPPLIER-hqWPcDmLjss0qH0WgTLHdQ==","ACTIVE","14.25","5","2","","https://www.viator.com/tours/New-Orleans/New-Orleans-History-Tour-Group-or-Private-Tour/d675-9349P6?mcid=42383&pid=P00306962&medium=api&api_version=2.0","viator-only","","","","","Live on Viator; not present in current FareHarbor inventory."
"13179P8","20 Passenger New Orleans Airport or Hotel Transfer","Alert transportation llc","SUPPLIER-/2RTuUvUfkfoIySgh1/Ngg==","ACTIVE","300","5","6","","https://www.viator.com/tours/New-Orleans/20-Passenger-New-Orleans-Airport-or-Hotel-Transfer/d675-13179P8?mcid=42383&pid=P00306962&medium=api&api_version=2.0","viator-only","","","","","Live on Viator; not present in current FareHarbor inventory."
"6830P2","New Orleans Music Tour","Historic New Orleans Tours","SUPPLIER-7U27aBkvcZeoF5aUwIl72g==","ACTIVE","25","4.3428574","35","","https://www.viator.com/tours/New-Orleans/New-Orleans-Music-Tour/d675-6830P2?mcid=42383&pid=P00306962&medium=api&api_version=2.0","viator-only","","","","","Live on Viator; not present in current FareHarbor inventory."
"5631565P2","New Orleans Evening Cocktail Cruise","Beyond The French Quarter","SUPPLIER-Lsu8IqeHUTVNt2kfAqqgNQ==","ACTIVE","65","5","1","","https://www.viator.com/tours/New-Orleans/Beyond-the-French-Quarter-Bayou-Mardi-Gras-Cocktail-Cruise/d675-5631565P2?mcid=42383&pid=P00306962&medium=api&api_version=2.0","viator-only","","","","","Live on Viator; not present in current FareHarbor inventory."
"70704P3","Private City Tour with Exclusive Access to Evergreen Plantation","Michaelas Private New Orleans Tours","SUPPLIER-vUQ7hVkaVBiGm1+ngXthGw==","ACTIVE","1700","5","1","","https://www.viator.com/tours/New-Orleans/VIP-Plantation-Tour-from-New-Orleans/d675-70704P3?mcid=42383&pid=P00306962&medium=api&api_version=2.0","viator-only","","","","","Live on Viator; not present in current FareHarbor inventory."
"9349P34","Private VIP New Orleans French Quarter Tour","New Orleans Drunk History Tours • Show Me New Orleans Tours","SUPPLIER-hqWPcDmLjss0qH0WgTLHdQ==","ACTIVE","600","3","2","","https://www.viator.com/tours/New-Orleans/New-Orleans-History-Tour-Group-or-Private-Tour/d675-9349P34?mcid=42383&pid=P00306962&medium=api&api_version=2.0","viator-only","","","","","Live on Viator; not present in current FareHarbor inventory."
"3780P78","Half Day Private Swamp Experience in Louisiana","Gray Line New Orleans","SUPPLIER-AIVIONkKdK8JLCRg2obcyw==","ACTIVE","2200","","0","","https://www.viator.com/tours/New-Orleans/Viator-VIP-Swamp-Experience/d675-3780P78?mcid=42383&pid=P00306962&medium=api&api_version=2.0","possible-match-needs-review","Gray Line New Orleans / New Orleans Steamboat Co.","neworleanssteamboatcompany","","","Operator is on FareHarbor under 'neworleanssteamboatcompany', but this specific tour code is not yet item-mapped."
"2292P20","Private Airboat Ride and Plantations Tour with Gourmet Lunch from New Orleans","Tours by Isabelle","SUPPLIER-/SCgQegRelYc02enrvEGfg==","ACTIVE","1395","4.981132","53","","https://www.viator.com/tours/New-Orleans/Private-Swamp-Boat-Ride-and-Plantations-Tour-from-New-Orleans/d675-2292P20?mcid=42383&pid=P00306962&medium=api&api_version=2.0","viator-only","","","","","Live on Viator; not present in current FareHarbor inventory."
"155886P3","Private Citywide Driving Tour with Destrehan Plantation","""La Vie"" New Orleans Private Tours","SUPPLIER-EEM0IQkbzxRJ93wqAnA81Q==","ACTIVE","1085","5","2","","https://www.viator.com/tours/New-Orleans/Combination-Private-Citywide-Driving-Tour-featuring-Destrehan-Plantation/d675-155886P3?mcid=42383&pid=P00306962&medium=api&api_version=2.0","viator-only","","","","","Live on Viator; not present in current FareHarbor inventory."
"6455P6","Private New Orleans Airboat Adventure","Airboat Adventures","SUPPLIER-7eNlteakiwgCVdiaT3VQkg==","ACTIVE","450","4.2","5","","https://www.viator.com/tours/New-Orleans/Private-New-Orleans-Airboat-Adventure/d675-6455P6?mcid=42383&pid=P00306962&medium=api&api_version=2.0","viator-only","","","","","Live on Viator; not present in current FareHarbor inventory."
"180453P3","New Orleans 5 Cemeteries Tour: Anne Rice and Other Famous Graves","Wow Tours of  New Orleans","SUPPLIER-wqX/u4iaSUToPhqdU01hmg==","ACTIVE","29","4.928571","14","","https://www.viator.com/tours/New-Orleans/Seattles-Haunted-Brewery-Crawl-4-microbreweries-of-which-one-is-haunted/d675-180453P3?mcid=42383&pid=P00306962&medium=api&api_version=2.0","viator-only","","","","","Live on Viator; not present in current FareHarbor inventory."
"9349P14","French Quarter Walking Tour","New Orleans Drunk History Tours • Show Me New Orleans Tours","SUPPLIER-hqWPcDmLjss0qH0WgTLHdQ==","ACTIVE","35","3","12","","https://www.viator.com/tours/New-Orleans/French-Quarter-Walking-Tour/d675-9349P14?mcid=42383&pid=P00306962&medium=api&api_version=2.0","viator-only","","","","","Live on Viator; not present in current FareHarbor inventory."
"413205P1","Pub Crawl: New Orleans Spooky Spirits Ghost Tour","Mad Cat Tours New Orleans","SUPPLIER-7JtVasBfrX7GN0TY99vOmQ==","ACTIVE","29.99","","0","","https://www.viator.com/tours/New-Orleans/New-Orleans-Spooky-Spirits-Haunted-Pub-Crawl/d675-413205P1?mcid=42383&pid=P00306962&medium=api&api_version=2.0","viator-only","","","","","Live on Viator; not present in current FareHarbor inventory."
"128285P1381","New Orleans L.Armstrong Airport (MSY) to New Orleans - Arrival Private Transfer","taxiGo.online - Booking Transfer & Taxi","SUPPLIER-pFSMm2f6cCQ4IYQ3VQIu7g==","ACTIVE","51.51","","0","","https://www.viator.com/tours/New-Orleans/New-Orleans-MSY-to-New-Orleans-Arrival-Private-Transfer/d675-128285P1381?mcid=42383&pid=P00306962&medium=api&api_version=2.0","viator-only","","","","","Live on Viator; not present in current FareHarbor inventory."
"126578P14","Whitney Plantation Private Tour With Round-Trip Transportation","CRESCENT CITY TOURS & TRANSPORTATION","SUPPLIER-ilr8RSd3kTRWaxU31m2p7Q==","ACTIVE","1199","3.5","2","","https://www.viator.com/tours/New-Orleans/Whitney-Plantation-Private-Tour-With-Round-Trip-Transportation/d675-126578P14?mcid=42383&pid=P00306962&medium=api&api_version=2.0","viator-only","","","","","Live on Viator; not present in current FareHarbor inventory."
"226361P5","New Orleans: A Local's Eat Dat Food Tour","Leanne Sarco","SUPPLIER-q1X2u3kM9z2BDB+9TbOPkg==","ACTIVE","250","4.3333335","3","","https://www.viator.com/tours/New-Orleans/A-Locals-Eat-Dat-Food-Tour/d675-226361P5?mcid=42383&pid=P00306962&medium=api&api_version=2.0","viator-only","","","","","Live on Viator; not present in current FareHarbor inventory."
"320728P1538","Private Transfer from New Orleans city to New Orleans Port","taxiGo DMC","SUPPLIER-CDeyWQR0UApl5sIySSGtFg==","ACTIVE","46.83","","0","","https://www.viator.com/tours/New-Orleans/New-Orleans-city-to-New-Orleans-Port-Departure-Private-transfer/d675-320728P1538?mcid=42383&pid=P00306962&medium=api&api_version=2.0","viator-only","","","","","Live on Viator; not present in current FareHarbor inventory."
"58762P11","Vegan French Quarter Food Tour of NOLA cuisine","New Orleans Secrets Tours","SUPPLIER-O4vUi32/voXAoLkcd+Q9YQ==","ACTIVE","149","5","2","","https://www.viator.com/tours/New-Orleans/Vegan-French-Quarter-Food-Tour-the-newest-NOLA-cuisine/d675-58762P11?mcid=42383&pid=P00306962&medium=api&api_version=2.0","viator-only","","","","","Live on Viator; not present in current FareHarbor inventory."
"88100P11","New Orleans Themed Holiday and Special Occasion Cruise","New Orleans Paddlewheels Inc.","SUPPLIER-HDHqlDdA6BooDyAZ8Jnt1w==","ACTIVE","125","","0","","https://www.viator.com/tours/New-Orleans/Haunted-Halloween-Cruise-on-the-Creole-Queen/d675-88100P11?mcid=42383&pid=P00306962&medium=api&api_version=2.0","viator-only","","","","","Live on Viator; not present in current FareHarbor inventory."
"484851P1","Historical Tour and Musical Show at Dew Drop Inn New Orleans","Dew Drop Inn","SUPPLIER-foTjALIcq8jm+nxNR9SU5g==","ACTIVE","68","5","1","","https://www.viator.com/tours/New-Orleans/History-Tour-and-Jazz-Music-Show-at-Iconic-New-Orleans-Music-Venue/d675-484851P1?mcid=42383&pid=P00306962&medium=api&api_version=2.0","viator-only","","","","","Live on Viator; not present in current FareHarbor inventory."
"331299P3","Sin and Tonic Pub Crawl in New Orleans","Revelry Tours of New Orleans","SUPPLIER-UKCYKeyFTBGLjfLdyb8AeA==","ACTIVE","35","4.375","8","","https://www.viator.com/tours/New-Orleans/Creeps-and-Freaks-Cocktail-Tour-in-New-Orleans/d675-331299P3?mcid=42383&pid=P00306962&medium=api&api_version=2.0","viator-only","","","","","Live on Viator; not present in current FareHarbor inventory."
"362704P3","Dok Lazlo's Tarot Party and Bonus Haunted Walking Tour","Dok Lazlo","SUPPLIER-KHkKkD7umwbLusyjPRGmRA==","ACTIVE","60","5","1","","https://www.viator.com/tours/New-Orleans/Wow-Dok-Lazlo-Tarot-Party-Bonus-Haunted-Walking-Tour/d675-362704P3?mcid=42383&pid=P00306962&medium=api&api_version=2.0","viator-only","","","","","Live on Viator; not present in current FareHarbor inventory."
"186622P4","Nola Culture Street Art & Mural Walk Tour","Treme Luxury Experience","SUPPLIER-KHkYeUkYk3seOTqxWFq8lQ==","ACTIVE","20","4.869565","46","","https://www.viator.com/tours/New-Orleans/Nola-Culture-Photo-Experience-Tour/d675-186622P4?mcid=42383&pid=P00306962&medium=api&api_version=2.0","viator-only","","","","","Live on Viator; not present in current FareHarbor inventory."
"91161P6","New Orleans Best of Bywater: Food & History Tour","Bon Moment NOLA","SUPPLIER-gRRUIHgjTtascOF8c9jcxw==","ACTIVE","98","4.75","8","","https://www.viator.com/tours/New-Orleans/Eat-Like-Local-New-Orleans-Food-Tour-of-Bywater/d675-91161P6?mcid=42383&pid=P00306962&medium=api&api_version=2.0","viator-only","","","","","Live on Viator; not present in current FareHarbor inventory."
"209615P299","Private Cultural Food Walk in New Orleans","Opatrip.com US LLC – Local Tours in USA","SUPPLIER-zFqQRHouJq396xdYH4usBg==","ACTIVE","379","","0","","https://www.viator.com/tours/New-Orleans/Culinary-Crossroads-A-Triple-Cuisine-Food-Tour/d675-209615P299?mcid=42383&pid=P00306962&medium=api&api_version=2.0","viator-only","","","","","Live on Viator; not present in current FareHarbor inventory."
"120103P11","St. Roch Cemetery Walking Tour by Save Our Cemeteries","Save Our Cemeteries","SUPPLIER-kuAocYpU7KmbmuNHcnu3vw==","ACTIVE","25","4.9333334","15","","https://www.viator.com/tours/New-Orleans/St-Roch-Cemetery-Tour/d675-120103P11?mcid=42383&pid=P00306962&medium=api&api_version=2.0","viator-only","","","","","Live on Viator; not present in current FareHarbor inventory."
"173182P1","Louisiana of the Creoles: Visit to the French Quarter (French)","Tours By Marguerite","SUPPLIER-JQdQivwDVQZZdkd/wOn5iQ==","ACTIVE","35","4.974684","79","","https://www.viator.com/tours/New-Orleans/La-Louisiane-des-Creoles-Visite-du-Quartier-Francais/d675-173182P1?mcid=42383&pid=P00306962&medium=api&api_version=2.0","viator-only","","","","","Live on Viator; not present in current FareHarbor inventory."
"40380P451","Private Transfer New Orleans MSY or Port to New Orleans by Sedan","RHOMTRIP","SUPPLIER-XN12YGfFEjJv/of9iTxG6w==","ACTIVE","82.47","4.2","5","","https://www.viator.com/tours/New-Orleans/Arrival-Private-Transfer-New-Orleans-MSY-or-Port-to-New-Orleans-by-Business-Car/d675-40380P451?mcid=42383&pid=P00306962&medium=api&api_version=2.0","viator-only","","","","","Live on Viator; not present in current FareHarbor inventory."
"430198P38","Outdoor Escape Room in New Orleans - The French Quarter","Escapely","SUPPLIER-7K0D9dBJNdvCte1ZhgiNVg==","ACTIVE","75","5","4","","https://www.viator.com/tours/New-Orleans/Outdoor-Escape-Room-in-New-Orleans-The-French-Quarter/d675-430198P38?mcid=42383&pid=P00306962&medium=api&api_version=2.0","viator-only","","","","","Live on Viator; not present in current FareHarbor inventory."
"366065P3","Haunted Hollywood French Quarter Ghost Tour","Hollywood South Tours","SUPPLIER-0iYl6zkgZA8deRtDkbNYtg==","ACTIVE","30","5","4","","https://www.viator.com/tours/New-Orleans/Frights-Camera-Action/d675-366065P3?mcid=42383&pid=P00306962&medium=api&api_version=2.0","viator-only","","","","","Live on Viator; not present in current FareHarbor inventory."
"226361P3","A Locals' Music Tour","Leanne Sarco","SUPPLIER-q1X2u3kM9z2BDB+9TbOPkg==","ACTIVE","200","4","1","","https://www.viator.com/tours/New-Orleans/A-Locals-Music-Tour/d675-226361P3?mcid=42383&pid=P00306962&medium=api&api_version=2.0","viator-only","","","","","Live on Viator; not present in current FareHarbor inventory."
"40380P453","Transfer from New Orleans MSY or Port to New Orleans City by SUV","RHOMTRIP","SUPPLIER-XN12YGfFEjJv/of9iTxG6w==","ACTIVE","108.51","5","3","","https://www.viator.com/tours/New-Orleans/Arrival-Private-Transfer-New-Orleans-MSY-or-Port-to-New-Orleans-by-SUV/d675-40380P453?mcid=42383&pid=P00306962&medium=api&api_version=2.0","viator-only","","","","","Live on Viator; not present in current FareHarbor inventory."
"73172P12","New Orleans Departure Chauffeur Driven Transport","Burton Transit","SUPPLIER-xwFIo9eM8RvIQMxkxlOx6g==","ACTIVE","70.83","4.5","14","","https://www.viator.com/tours/New-Orleans/Private-Departure-Transfer-New-Orleans-Airport-to-Hotel-or-Cruise-Port/d675-73172P12?mcid=42383&pid=P00306962&medium=api&api_version=2.0","viator-only","","","","","Live on Viator; not present in current FareHarbor inventory."
"267535P38","French Quarter Highlights Self-Guided Walking Tour of New Orleans","Travel with Action (Action Tour Guide)","SUPPLIER-5XAHM1DAe31SwxrcvcZacg==","ACTIVE","14.99","3.3333333","3","","https://www.viator.com/tours/New-Orleans/New-Orleans-Self-Guided-Walking-Audio-Tour/d675-267535P38?mcid=42383&pid=P00306962&medium=api&api_version=2.0","viator-only","","","","","Live on Viator; not present in current FareHarbor inventory."
"10211P19","New Orleans Scavenger Hunt Adventure","Urban Adventure Quest","SUPPLIER-uOjU7dK3ysDh1qHjSs3JRA==","ACTIVE","49","3.25","8","","https://www.viator.com/tours/New-Orleans/New-Orleans-Scavenger-Hunt-Adventure/d675-10211P19?mcid=42383&pid=P00306962&medium=api&api_version=2.0","viator-only","","","","","Live on Viator; not present in current FareHarbor inventory."
"187102P3","New Orleans Private Sightseeing Tours","Private Transport and Tour","SUPPLIER-VXAjK+lMJmEhC8f6204ObA==","ACTIVE","400","5","1","","https://www.viator.com/tours/New-Orleans/Private-Sighting-Tours/d675-187102P3?mcid=42383&pid=P00306962&medium=api&api_version=2.0","viator-only","","","","","Live on Viator; not present in current FareHarbor inventory."
"225558P4","Tour the BK House Where Every Room Has a Story to Tell","BK Historic House and Gardens","SUPPLIER-uyxxFsi99xGennqLmvVEFw==","ACTIVE","15","4.25","12","","https://www.viator.com/tours/New-Orleans/Tour-the-BK-House-Where-Every-Room-Has-a-Story-to-Tell/d675-225558P4?mcid=42383&pid=P00306962&medium=api&api_version=2.0","viator-only","","","","","Live on Viator; not present in current FareHarbor inventory."
"209615P332","Private Walking Ghosts Tour of the French Quarter","Opatrip.com US LLC – Local Tours in USA","SUPPLIER-zFqQRHouJq396xdYH4usBg==","ACTIVE","540.88","","0","","https://www.viator.com/tours/New-Orleans/Ghosts-of-the-French-Quarter-A-Haunting-Stroll/d675-209615P332?mcid=42383&pid=P00306962&medium=api&api_version=2.0","viator-only","","","","","Live on Viator; not present in current FareHarbor inventory."
"160476P4","St. Joseph and Felicity Plantation Combo Tour","St. Joseph Plantation","SUPPLIER-tvAXYU3Lcca1rs7r7zA/pA==","ACTIVE","46","4.8333335","18","","https://www.viator.com/tours/New-Orleans/St-Joseph-and-Felicity-Plantation-Combo-Tour/d675-160476P4?mcid=42383&pid=P00306962&medium=api&api_version=2.0","viator-only","","","","","Live on Viator; not present in current FareHarbor inventory."
"160476P1","St. Joseph Plantation Tour","St. Joseph Plantation","SUPPLIER-tvAXYU3Lcca1rs7r7zA/pA==","ACTIVE","24","4.525","40","","https://www.viator.com/tours/New-Orleans/Sugar-Plantation-Tour/d675-160476P1?mcid=42383&pid=P00306962&medium=api&api_version=2.0","viator-only","","","","","Live on Viator; not present in current FareHarbor inventory."
"59529P7","The French Quarter History Tour","Spectral City Tours","SUPPLIER-dAzOHf+DKLrMYB8gVkrQxQ==","ACTIVE","35","5","4","","https://www.viator.com/tours/New-Orleans/French-Quarter-Sights-and-Stories-Tour/d675-59529P7?mcid=42383&pid=P00306962&medium=api&api_version=2.0","viator-only","","","","","Live on Viator; not present in current FareHarbor inventory."
"19830P11","New Orleans Jazz Tour","New Orleans Private Tours","SUPPLIER-Jl6/QXqExPDJ52AR+aUZvg==","ACTIVE","350","5","1","","https://www.viator.com/tours/French-Quarter/New-Orleans-Jazz-Tour/d51107-19830P11?mcid=42383&pid=P00306962&medium=api&api_version=2.0","viator-only","","","","","Live on Viator; not present in current FareHarbor inventory."
"13179P7","Handicap New Orleans Airport or Hotel Transfer","Alert transportation llc","SUPPLIER-/2RTuUvUfkfoIySgh1/Ngg==","ACTIVE","260","","0","","https://www.viator.com/tours/New-Orleans/Handicap-New-Orleans-Airport-or-Hotel-Transfer/d675-13179P7?mcid=42383&pid=P00306962&medium=api&api_version=2.0","viator-only","","","","","Live on Viator; not present in current FareHarbor inventory."
"73172P41","New Orleans Round Trip Chauffeur Driven Transport","Burton Transit","SUPPLIER-xwFIo9eM8RvIQMxkxlOx6g==","ACTIVE","142","5","3","","https://www.viator.com/tours/New-Orleans/Private-Roundtrip-Transfer-New-Orleans-Airport-to-Hotel-or-Cruise-Port/d675-73172P41?mcid=42383&pid=P00306962&medium=api&api_version=2.0","viator-only","","","","","Live on Viator; not present in current FareHarbor inventory."
"201921P4","Private Soul of NOLA 3-Hour Citywide Tour","Soul of Nola","SUPPLIER-B/HpDvXRyC4CB0mIugFA8w==","ACTIVE","475","5","43","","https://www.viator.com/tours/New-Orleans/Soul-of-NOLA-3-Hr-Citywide-Tour-New-Orleans/d675-201921P4?mcid=42383&pid=P00306962&medium=api&api_version=2.0","viator-only","","","","","Live on Viator; not present in current FareHarbor inventory."
"365523P3","Historical Treme Walking Tour","Tours By NOLA - New Orleans Local Artists","SUPPLIER-xWuyzCDktOlBLkIDWT0ntQ==","ACTIVE","35","5","7","","https://www.viator.com/tours/New-Orleans/Historic-Treme-Walking-Tour/d675-365523P3?mcid=42383&pid=P00306962&medium=api&api_version=2.0","viator-only","","","","","Live on Viator; not present in current FareHarbor inventory."
"128285P1383","New Orleans to New Orleans L.Armstrong Airport(MSY) - Departure Private Transfer","taxiGo.online - Booking Transfer & Taxi","SUPPLIER-pFSMm2f6cCQ4IYQ3VQIu7g==","ACTIVE","51.51","","0","","https://www.viator.com/tours/New-Orleans/New-Orleans-to-New-Orleans-L-Armstrong-Airport-MSY-Departure-Private-Transfer/d675-128285P1383?mcid=42383&pid=P00306962&medium=api&api_version=2.0","viator-only","","","","","Live on Viator; not present in current FareHarbor inventory."
"73172P32","New Orleans Round Trip Chauffeur Driven Transport by Executive SUV","Burton Transit","SUPPLIER-xwFIo9eM8RvIQMxkxlOx6g==","ACTIVE","150","4.230769","13","","https://www.viator.com/tours/New-Orleans/Private-Roundtrip-Transfer-New-Orleans-MSY-Airport-to-Hotel-by-SUV/d675-73172P32?mcid=42383&pid=P00306962&medium=api&api_version=2.0","viator-only","","","","","Live on Viator; not present in current FareHarbor inventory."
"142405P35","Creative Soul Scavenger Hunt of New Orleans","Creative Soul Scavenger Hunts","SUPPLIER-qiC3r08u1hKkvI0RA5Vy+g==","ACTIVE","33","4.6666665","6","","https://www.viator.com/tours/New-Orleans/Search-4-The-Story-New-Orleans-Worlds-First-Doc-Filmmaking-School-Scavenger-Hunt/d675-142405P35?mcid=42383&pid=P00306962&medium=api&api_version=2.0","viator-only","","","","","Live on Viator; not present in current FareHarbor inventory."
"56225P3","New Orleans Ghost Tour for Tweens Ages 8–12","French Quartour Kids","SUPPLIER-Q9P4D6J8Wex8I0LeN4gxwA==","ACTIVE","30","4.733333","15","","https://www.viator.com/tours/New-Orleans/Twilight-Tour-Hauntings-and-History/d675-56225P3?mcid=42383&pid=P00306962&medium=api&api_version=2.0","viator-only","","","","","Live on Viator; not present in current FareHarbor inventory."
"128285P1385","New Orleans L.Armstrong Airport(MSY) to New Orleans-Roundtrip Private Transfer","taxiGo.online - Booking Transfer & Taxi","SUPPLIER-pFSMm2f6cCQ4IYQ3VQIu7g==","ACTIVE","103.02","","0","","https://www.viator.com/tours/New-Orleans/New-Orleans-L-Armstrong-Airport-MSY-to-New-Orleans-Roundtrip-Private-Transfer/d675-128285P1385?mcid=42383&pid=P00306962&medium=api&api_version=2.0","viator-only","","","","","Live on Viator; not present in current FareHarbor inventory."
"320728P1537","Private Transfer from New Orleans Port to New Orleans city","taxiGo DMC","SUPPLIER-CDeyWQR0UApl5sIySSGtFg==","ACTIVE","46.83","","0","","https://www.viator.com/tours/New-Orleans/New-Orleans-Cruise-Port-to-New-Orleans-Arrival-Private-transfer/d675-320728P1537?mcid=42383&pid=P00306962&medium=api&api_version=2.0","viator-only","","","","","Live on Viator; not present in current FareHarbor inventory."
"87311P8","Private New Orleans Historic Neighborhood Food Tour","Nola Detours","SUPPLIER-8/mcq6VF/wbkee27HoTFzw==","ACTIVE","235","5","4","","https://www.viator.com/tours/New-Orleans/Historic-New-Orleans-Neighboorhood-Driving-Dine-around/d675-87311P8?mcid=42383&pid=P00306962&medium=api&api_version=2.0","viator-only","","","","","Live on Viator; not present in current FareHarbor inventory."
"9349P20","French Quarter Spirits Tour","New Orleans Drunk History Tours • Show Me New Orleans Tours","SUPPLIER-hqWPcDmLjss0qH0WgTLHdQ==","ACTIVE","35","5","1","","https://www.viator.com/tours/New-Orleans/French-Quarter-Spirits-Tour/d675-9349P20?mcid=42383&pid=P00306962&medium=api&api_version=2.0","viator-only","","","","","Live on Viator; not present in current FareHarbor inventory."
"142771P182","Fun City Scavenger Hunt in New Orleans by Crazy Dash","Crazy Dash Digital Adventures","SUPPLIER-f3hsww7/kGI75DN/M7kW4g==","ACTIVE","10","","0","","https://www.viator.com/tours/New-Orleans/Crazy-Dash-Walking-Adventure-of-Ventura-CA/d675-142771P182?mcid=42383&pid=P00306962&medium=api&api_version=2.0","viator-only","","","","","Live on Viator; not present in current FareHarbor inventory."
"6830P5","Haunted French Quarter Walking Tour in New Orleans","Historic New Orleans Tours","SUPPLIER-7U27aBkvcZeoF5aUwIl72g==","ACTIVE","25","4.177778","45","","https://www.viator.com/tours/New-Orleans/Haunted-French-Quarter-Tour/d675-6830P5?mcid=42383&pid=P00306962&medium=api&api_version=2.0","viator-only","","","","","Live on Viator; not present in current FareHarbor inventory."
"6205P26","New Orleans Garden District Small-Group Food and Cocktail Tour","Destination Kitchen","SUPPLIER-5Q+tEMqLTG5mM2OnOIZUCQ==","ACTIVE","88","3.3333333","3","","https://www.viator.com/tours/New-Orleans/New-Orleans-Food-Cocktail-Culture-Tour-of-The-Garden-District/d675-6205P26?mcid=42383&pid=P00306962&medium=api&api_version=2.0","viator-only","","","","","Live on Viator; not present in current FareHarbor inventory."
"201921P6","Private Garden District Walking Tour","Soul of Nola","SUPPLIER-B/HpDvXRyC4CB0mIugFA8w==","ACTIVE","260","5","6","","https://www.viator.com/tours/New-Orleans/Private-Garden-District-Walking-Tour/d675-201921P6?mcid=42383&pid=P00306962&medium=api&api_version=2.0","viator-only","","","","","Live on Viator; not present in current FareHarbor inventory."
"400627P5","French Quarter History and Architecture Tour","DuPont and Company","SUPPLIER-mtOjTpeAgjupEokgIPG3CQ==","ACTIVE","35","4.5","2","","https://www.viator.com/tours/New-Orleans/New-Orleans-History-Tour/d675-400627P5?mcid=42383&pid=P00306962&medium=api&api_version=2.0","viator-only","","","","","Live on Viator; not present in current FareHarbor inventory."
"5545628P2","New Orleans Departure Transfers","Supreme Lane","SUPPLIER-Vu0W+UZe35W/2cw29ss36Q==","ACTIVE","135","","0","","https://www.viator.com/tours/New-Orleans/New-Orleans-Departure-Transfers/d675-5545628P2?mcid=42383&pid=P00306962&medium=api&api_version=2.0","viator-only","","","","","Live on Viator; not present in current FareHarbor inventory."
"73172P43","New Orleans Arrival Chauffeur Driven Transport","Burton Transit","SUPPLIER-xwFIo9eM8RvIQMxkxlOx6g==","ACTIVE","71","5","1","","https://www.viator.com/tours/New-Orleans/Private-Arrival-Transfer-MSY-to-Hotel-or-Cruise-Port/d675-73172P43?mcid=42383&pid=P00306962&medium=api&api_version=2.0","viator-only","","","","","Live on Viator; not present in current FareHarbor inventory."
"13179P14","28 Passenger New Orleans Airport or Hotel Transfer","Alert transportation llc","SUPPLIER-/2RTuUvUfkfoIySgh1/Ngg==","ACTIVE","330","","0","","https://www.viator.com/tours/New-Orleans/28-Passenger-New-Orleans-Airport-or-Hotel-Transfer/d675-13179P14?mcid=42383&pid=P00306962&medium=api&api_version=2.0","viator-only","","","","","Live on Viator; not present in current FareHarbor inventory."
"164766P4","24 Passenger Luxury Mini Bus","On The Go Transport, LLC","SUPPLIER-+3FsdbHAYISDdIc4TSQB/g==","ACTIVE","340","5","2","","https://www.viator.com/tours/New-Orleans/24-Passenger-Luxury-Mini-Bus/d675-164766P4?mcid=42383&pid=P00306962&medium=api&api_version=2.0","viator-only","","","","","Live on Viator; not present in current FareHarbor inventory."
"110804P8","Walking the Tremé: A Self-guided Audio Tour of New Orleans","VoiceMap Audio Tours","SUPPLIER-Eg8GuOnVczaVY9VcVmDxhg==","ACTIVE","10.79","4.2916665","24","","https://www.viator.com/tours/New-Orleans/Walking-the-Treme-Neighborhood-a-New-Orleans-Self-guided-Audio-Tour-by-VoiceMap/d675-110804P8?mcid=42383&pid=P00306962&medium=api&api_version=2.0","viator-only","","","","","Live on Viator; not present in current FareHarbor inventory."
"91161P5","New Orleans French Quarter Cocktail and Culture Tour","Bon Moment NOLA","SUPPLIER-gRRUIHgjTtascOF8c9jcxw==","ACTIVE","98","5","1","","https://www.viator.com/tours/New-Orleans/Drink-Like-a-Local-New-Orleans-Bar-Tour-of-Bywater/d675-91161P5?mcid=42383&pid=P00306962&medium=api&api_version=2.0","viator-only","","","","","Live on Viator; not present in current FareHarbor inventory."
"119370P456","New Orleans: Luggage Storage close to Ferry Terminal","Stasher","SUPPLIER-6kfncoCIq7DSifiupVV+IA==","ACTIVE","9.67","1","1","","https://www.viator.com/tours/New-Orleans/New-Orleans-Luggage-Storage-close-to-Ferry-Terminal/d675-119370P456?mcid=42383&pid=P00306962&medium=api&api_version=2.0","viator-only","","","","","Live on Viator; not present in current FareHarbor inventory."
"255730P273","Explore New Orleans' Garden District: Private 2-hour Walking Tour","Travel Curious","SUPPLIER-8t95a5TDQCjWIEcoS7Se+g==","ACTIVE","175","4.75","4","","https://www.viator.com/tours/New-Orleans/The-Historic-Heart-For-Kids-Private-Walking-Tour-inc-Tickets/d675-255730P273?mcid=42383&pid=P00306962&medium=api&api_version=2.0","viator-only","","","","","Live on Viator; not present in current FareHarbor inventory."
"75909P334","New Orleans Bywater: Food, Art, and History Tour","eatwith","SUPPLIER-ysx4JMe8cCGna40UNuyHWw==","ACTIVE","143.19","3","2","","https://www.viator.com/tours/New-Orleans/New-Orleans-Bywater-Lunch-and-Bar-Tour/d675-75909P334?mcid=42383&pid=P00306962&medium=api&api_version=2.0","viator-only","","","","","Live on Viator; not present in current FareHarbor inventory."
"368349P414","New Orleans French Quarter Old Town Private Walking Tour","New York City Tours","SUPPLIER-76gDJ0qkOEv4nklj5Kpo0Q==","ACTIVE","174","","0","","https://www.viator.com/tours/New-Orleans/New-Orleans-French-Quarter-Old-Town-Private-Walking-Tour/d675-368349P414?mcid=42383&pid=P00306962&medium=api&api_version=2.0","viator-only","","","","","Live on Viator; not present in current FareHarbor inventory."
"136094P8","Wicked Women of New Orleans Walking Tour","Crawl New Orleans","SUPPLIER-eX9c/HLpHysUU+n85Jl2vw==","ACTIVE","35","5","1","","https://www.viator.com/tours/New-Orleans/Wicked-Women-of-New-Orleans-Walking-Tour/d675-136094P8?mcid=42383&pid=P00306962&medium=api&api_version=2.0","viator-only","","","","","Live on Viator; not present in current FareHarbor inventory."
"19830P9","New Orleans' Influential Women Private Walking Tour","New Orleans Private Tours","SUPPLIER-Jl6/QXqExPDJ52AR+aUZvg==","ACTIVE","350","5","1","","https://www.viator.com/tours/New-Orleans/Influential-Womens-Walking-Tour/d675-19830P9?mcid=42383&pid=P00306962&medium=api&api_version=2.0","viator-only","","","","","Live on Viator; not present in current FareHarbor inventory."
"338595P23","Transportation (Only) to a Louisiana Plantation","Rover RSD LLC.  Transportation Services","SUPPLIER-mDzcGLk4SzdRrVki47kBig==","ACTIVE","300","","0","","https://www.viator.com/tours/New-Orleans/Oak-Alley-Whitney-Laura-Plantation-Shuttle-Service-New-Orleans/d675-338595P23?mcid=42383&pid=P00306962&medium=api&api_version=2.0","viator-only","","","","","Live on Viator; not present in current FareHarbor inventory."
"9349P15","New Orleans Supernatural Tour","New Orleans Drunk History Tours • Show Me New Orleans Tours","SUPPLIER-hqWPcDmLjss0qH0WgTLHdQ==","ACTIVE","24.5","5","1","","https://www.viator.com/tours/New-Orleans/New-Orleans-Supernatural-Tour/d675-9349P15?mcid=42383&pid=P00306962&medium=api&api_version=2.0","viator-only","","","","","Live on Viator; not present in current FareHarbor inventory."
"5534700P2","New Orleans City Tour with Drink and Souvenir","Brown Flavor Tours LLC","SUPPLIER-QoOcJSKN3NyigLyFzBXkCQ==","ACTIVE","135","","0","","https://www.viator.com/tours/New-Orleans/City-Tour/d675-5534700P2?mcid=42383&pid=P00306962&medium=api&api_version=2.0","viator-only","","","","","Live on Viator; not present in current FareHarbor inventory."
"115274P4","1811 Slave Revolt Tour at Destrehan Plantation","Destrehan Plantation","SUPPLIER-WzqBlzTb/36FEezQNhB09Q==","ACTIVE","29.7","5","3","","https://www.viator.com/tours/New-Orleans/1811-Slave-Revolt-Tour-at-Destrehan-Plantation/d675-115274P4?mcid=42383&pid=P00306962&medium=api&api_version=2.0","viator-only","","","","","Live on Viator; not present in current FareHarbor inventory."
"104204P191","A Spectacular Ghost Tour in New Orleans","Let's Roam","SUPPLIER-AscZDGexc3QU8Ua2JLXVCw==","ACTIVE","12.31","","0","","https://www.viator.com/tours/New-Orleans/Epic-Lets-Roams-Scavenger-Hunt-New-Orleans-New-Orleans-Ghost-Tour/d675-104204P191?mcid=42383&pid=P00306962&medium=api&api_version=2.0","viator-only","","","","","Live on Viator; not present in current FareHarbor inventory."
"122229P10","New Orleans Garden District- At your own pace. Downloadable audiovisual tour.","Welcome Walks USA","SUPPLIER-MBPfMKA1ydV1PvCoD4VoeA==","ACTIVE","14.99","3.1666667","6","","https://www.viator.com/tours/New-Orleans/New-Orleans-Garden-District/d675-122229P10?mcid=42383&pid=P00306962&medium=api&api_version=2.0","viator-only","","","","","Live on Viator; not present in current FareHarbor inventory."
"128285P2234","NOLA Cruise Port to New Orleans hotels - Arrival Private Transfer","taxiGo.online - Booking Transfer & Taxi","SUPPLIER-pFSMm2f6cCQ4IYQ3VQIu7g==","ACTIVE","103.02","","0","","https://www.viator.com/tours/New-Orleans/NOLA-Cruise-Port-to-New-Orleans-hotels-Arrival-Private-Transfer/d675-128285P2234?mcid=42383&pid=P00306962&medium=api&api_version=2.0","viator-only","","","","","Live on Viator; not present in current FareHarbor inventory."
"3780P34","New Orleans VIP Jazz Club Crawl","Gray Line New Orleans","SUPPLIER-AIVIONkKdK8JLCRg2obcyw==","ACTIVE","225","5","10","","https://www.viator.com/tours/New-Orleans/Jazz-Lovers-VIP-Behind-the-Scenes-Tour-with-Local-Musician-for-4-People/d675-3780P34?mcid=42383&pid=P00306962&medium=api&api_version=2.0","possible-match-needs-review","Gray Line New Orleans / New Orleans Steamboat Co.","neworleanssteamboatcompany","","","Operator is on FareHarbor under 'neworleanssteamboatcompany', but this specific tour code is not yet item-mapped."
"5631565P5","New Orleans Nature and Wildlife Boat Tour","Beyond The French Quarter","SUPPLIER-Lsu8IqeHUTVNt2kfAqqgNQ==","ACTIVE","60","5","1","","https://www.viator.com/tours/New-Orleans/Nature-and-Wildlife-Tour-Explore-Louisianas-Coastal-Wetlands/d675-5631565P5?mcid=42383&pid=P00306962&medium=api&api_version=2.0","viator-only","","","","","Live on Viator; not present in current FareHarbor inventory."
"6205P22","New Orleans Gay and Spirited Tour: Eat, Drink, and Be Dazzled","Destination Kitchen","SUPPLIER-5Q+tEMqLTG5mM2OnOIZUCQ==","ACTIVE","86","5","1","","https://www.viator.com/tours/New-Orleans/New-Orleans-Gay-and-Spirited-Tour-Eat-Drink-and-Be-Dazzled/d675-6205P22?mcid=42383&pid=P00306962&medium=api&api_version=2.0","viator-only","","","","","Live on Viator; not present in current FareHarbor inventory."
"85439P1431","Private Transfer: New Orleans to Louis Armstrong Airport MSY in Luxury SUV","PROFI DRIVER","SUPPLIER-/mmbTtOyxt6xnnxJjzbrAw==","ACTIVE","122.93","","0","","https://www.viator.com/tours/New-Orleans/New-Orleans-Airport-Transfers-New-Orleans-to-Airport-MSY-in-Luxury-SUV/d675-85439P1431?mcid=42383&pid=P00306962&medium=api&api_version=2.0","viator-only","","","","","Live on Viator; not present in current FareHarbor inventory."
"68135P11","Swamp and Plantation Tour: Whitney, Oak Alley, or Laura","Legendary Tours INC","SUPPLIER-kGNFyuOmz8pCC8XPGO1Vvg==","ACTIVE","130","1","1","","https://www.viator.com/tours/New-Orleans/Combo-Swamp-and-Plantation-Tour/d675-68135P11?mcid=42383&pid=P00306962&medium=api&api_version=2.0","viator-only","","","","","Live on Viator; not present in current FareHarbor inventory."
"160476P3","Felicity Plantation Tour","St. Joseph Plantation","SUPPLIER-tvAXYU3Lcca1rs7r7zA/pA==","ACTIVE","24","4.6666665","6","","https://www.viator.com/tours/New-Orleans/Felicity-Plantation-Tour/d675-160476P3?mcid=42383&pid=P00306962&medium=api&api_version=2.0","viator-only","","","","","Live on Viator; not present in current FareHarbor inventory."
"200006P10","Nutty New Orleans Scavenger Hunt","Alley Kat Adventures","SUPPLIER-UYU9nAJa0629qIox8rvQUQ==","ACTIVE","20","4.5555553","9","","https://www.viator.com/tours/New-Orleans/The-Nawlins-Shenanigans-Scavenger-Hunt/d675-200006P10?mcid=42383&pid=P00306962&medium=api&api_version=2.0","viator-only","","","","","Live on Viator; not present in current FareHarbor inventory."
"132425P12","Private Guided City Tour | New Orleans","Jazzy Limousine & Shuttle","SUPPLIER-9eIcJZth3v0zt7mD8ieSrQ==","ACTIVE","215","5","1","","https://www.viator.com/tours/New-Orleans/Discover-New-Orleans-Private-City-Tour/d675-132425P12?mcid=42383&pid=P00306962&medium=api&api_version=2.0","viator-only","","","","","Live on Viator; not present in current FareHarbor inventory."
"327929P4","Beignets and Burials Tour of New Orleans Iconic Cemeteries","Red Sash Tours","SUPPLIER-wYuwdu3FRCAHCo5NKM1TZg==","ACTIVE","50","5","12","","https://www.viator.com/tours/New-Orleans/Beignets-and-Burials-Tour-of-New-Orleans-Iconic-Cemeteries/d675-327929P4?mcid=42383&pid=P00306962&medium=api&api_version=2.0","viator-only","","","","","Live on Viator; not present in current FareHarbor inventory."
"469510P3","New Orleans Ghost Tour in 6 Languages (Self-Guided Audio Tour)","Ghost Tour Fun","SUPPLIER-ei5GdeXQgdr3wvAmTL6k+A==","ACTIVE","10","5","1","","https://www.viator.com/tours/New-Orleans/New-Orleans-Self-Guided-Haunted-Audio-Tour/d675-469510P3?mcid=42383&pid=P00306962&medium=api&api_version=2.0","viator-only","","","","","Live on Viator; not present in current FareHarbor inventory."
"9349P40","Pub Crawl: The Drunken Telling of New Orleans Tales","New Orleans Drunk History Tours • Show Me New Orleans Tours","SUPPLIER-hqWPcDmLjss0qH0WgTLHdQ==","ACTIVE","22.05","3.9166667","12","","https://www.viator.com/tours/New-Orleans/The-Drunken-Telling-Of-Drunken-New-Orleans-Tales/d675-9349P40?mcid=42383&pid=P00306962&medium=api&api_version=2.0","viator-only","","","","","Live on Viator; not present in current FareHarbor inventory."
"250720P29","Murder by Jackson Square Interactive Scavenger Hunt","Solve A Mystery","SUPPLIER-os3ImQAtS3qstYbrEeXysw==","ACTIVE","69.07","5","1","","https://www.viator.com/tours/New-Orleans/The-Murder-by-Jackson-Square-Interactive-Scavengerhunt/d675-250720P29?mcid=42383&pid=P00306962&medium=api&api_version=2.0","viator-only","","","","","Live on Viator; not present in current FareHarbor inventory."
"9349P7","The New Orleans Dark Side Tour","New Orleans Drunk History Tours • Show Me New Orleans Tours","SUPPLIER-hqWPcDmLjss0qH0WgTLHdQ==","ACTIVE","55","3.5","6","","https://www.viator.com/tours/New-Orleans/New-Orleans-Dark-Side-Tour-Voodoo-Mystery-Ghosts-and-Vampires/d675-9349P7?mcid=42383&pid=P00306962&medium=api&api_version=2.0","viator-only","","","","","Live on Viator; not present in current FareHarbor inventory."
"13179P3","Airport Transfer in New Orleans","Alert transportation llc","SUPPLIER-/2RTuUvUfkfoIySgh1/Ngg==","ACTIVE","175","5","2","","https://www.viator.com/tours/New-Orleans/New-Orleans-Airport-Transfer/d675-13179P3?mcid=42383&pid=P00306962&medium=api&api_version=2.0","viator-only","","","","","Live on Viator; not present in current FareHarbor inventory."
"85439P1444","Private Transfer: Louis Armstrong Airport MSY to New Orleans in Business Car","PROFI DRIVER","SUPPLIER-/mmbTtOyxt6xnnxJjzbrAw==","ACTIVE","110.05","5","1","","https://www.viator.com/tours/New-Orleans/Private-Transfer-from-L-Armstrong-Airport-MSY-to-New-Orleans-in-Business-Car/d675-85439P1444?mcid=42383&pid=P00306962&medium=api&api_version=2.0","viator-only","","","","","Live on Viator; not present in current FareHarbor inventory."
"18254P2","NOLA Carte Food Tour: 300 Years of Flavor in the French Quarter","New Orleans Music & Heritage Tour","SUPPLIER-ISirTD3+nsmIjtbIvim4UQ==","ACTIVE","96","5","3","","https://www.viator.com/tours/New-Orleans/NOLA-Carte-Food-Tours/d675-18254P2?mcid=42383&pid=P00306962&medium=api&api_version=2.0","viator-only","","","","","Live on Viator; not present in current FareHarbor inventory."
"128285P1391","New Orleans port to New Orleans Airport (MSY) Private Transfer","taxiGo.online - Booking Transfer & Taxi","SUPPLIER-pFSMm2f6cCQ4IYQ3VQIu7g==","ACTIVE","63.22","","0","","https://www.viator.com/tours/New-Orleans/Cruise-Port-to-New-Orleans-L-Armstrong-Airport-MSY-Departure-Private-Transfer/d675-128285P1391?mcid=42383&pid=P00306962&medium=api&api_version=2.0","viator-only","","","","","Live on Viator; not present in current FareHarbor inventory."
"304471P124","French Quarter Personalized Self-Guided App Tour","Pintours","SUPPLIER-oFWtorRkF1lM0ykIi95S4A==","ACTIVE","5","3","2","","https://www.viator.com/tours/New-Orleans/Now-Orleans-French-Quarter-Haunted-History-App-Guided-Tour/d675-304471P124?mcid=42383&pid=P00306962&medium=api&api_version=2.0","viator-only","","","","","Live on Viator; not present in current FareHarbor inventory."
"73172P24","New Orleans Arrival Chauffeur Driven Transport by Executive SUV","Burton Transit","SUPPLIER-xwFIo9eM8RvIQMxkxlOx6g==","ACTIVE","75","4.3333335","9","","https://www.viator.com/tours/New-Orleans/Chevrolet-Suburban-SUV/d675-73172P24?mcid=42383&pid=P00306962&medium=api&api_version=2.0","viator-only","","","","","Live on Viator; not present in current FareHarbor inventory."
"400627P11","Private Witches Coven Walking Tour","DuPont and Company","SUPPLIER-mtOjTpeAgjupEokgIPG3CQ==","ACTIVE","600","5","2","","https://www.viator.com/tours/New-Orleans/Witches-of-the-French-Quarter-Tour-Secrets-of-the-Craft/d675-400627P11?mcid=42383&pid=P00306962&medium=api&api_version=2.0","viator-only","","","","","Live on Viator; not present in current FareHarbor inventory."
"5594004P1","French Quarter Favorites: New Orleans Landmarks Walking Tour","The Real:  New Orleans","SUPPLIER-zP0NgkwguwFthL6SKl8yRw==","ACTIVE","48","","0","","https://www.viator.com/tours/New-Orleans/Quarter-Notes-Walking-Tour-of-French-Quarter-Favorites-and-Icons/d675-5594004P1?mcid=42383&pid=P00306962&medium=api&api_version=2.0","viator-only","","","","","Live on Viator; not present in current FareHarbor inventory."
"365523P1","Creole French Quarter Walking Tour","Tours By NOLA - New Orleans Local Artists","SUPPLIER-xWuyzCDktOlBLkIDWT0ntQ==","ACTIVE","35","5","8","","https://www.viator.com/tours/New-Orleans/Walking-Tours-through-New-Orleans/d675-365523P1?mcid=42383&pid=P00306962&medium=api&api_version=2.0","viator-only","","","","","Live on Viator; not present in current FareHarbor inventory."
"85439P1496","Private Transfer: New Orleans Airport MSY to Cruise Port in SUV","PROFI DRIVER","SUPPLIER-/mmbTtOyxt6xnnxJjzbrAw==","ACTIVE","122.93","5","1","","https://www.viator.com/tours/New-Orleans/Arrival-Private-Transfer-New-Orleans-MSY-to-Cruise-Port-in-SUV/d675-85439P1496?mcid=42383&pid=P00306962&medium=api&api_version=2.0","viator-only","","","","","Live on Viator; not present in current FareHarbor inventory."
"117890P14","Private Photoshoot in Audubon Park","Beauty Photoshoot New Orleans","SUPPLIER-cqlyTTCI6cUq8x5dKYctqg==","ACTIVE","148.5","","0","","https://www.viator.com/tours/New-Orleans/Private-Photoshoot-in-Audubon-Park/d675-117890P14?mcid=42383&pid=P00306962&medium=api&api_version=2.0","viator-only","","","","","Live on Viator; not present in current FareHarbor inventory."
"85439P1497","Private Transfer: Cruise Port to New Orleans Airport MSY in SUV","PROFI DRIVER","SUPPLIER-/mmbTtOyxt6xnnxJjzbrAw==","ACTIVE","122.93","","0","","https://www.viator.com/tours/New-Orleans/Departure-Private-Transfer-Cruise-Port-to-New-Orleans-Airport-MSY-in-SUV/d675-85439P1497?mcid=42383&pid=P00306962&medium=api&api_version=2.0","viator-only","","","","","Live on Viator; not present in current FareHarbor inventory."
"7632P14","Historic Carrollton Neighborhood Walking Tour","Two Chicks Walking Tours","SUPPLIER-yPrhbDGjGigB+pO0K76f5w==","ACTIVE","37","5","10","","https://www.viator.com/tours/New-Orleans/Highlights-of-the-New-Orleans-Carrollton-Neighborhood/d675-7632P14?mcid=42383&pid=P00306962&medium=api&api_version=2.0","viator-only","","","","","Live on Viator; not present in current FareHarbor inventory."
"122229P9","New Orleans French Quarter Self-Guided Tour – At your Own Pace","Welcome Walks USA","SUPPLIER-MBPfMKA1ydV1PvCoD4VoeA==","ACTIVE","14.99","5","1","","https://www.viator.com/tours/New-Orleans/New-Orleans-French-Quarter/d675-122229P9?mcid=42383&pid=P00306962&medium=api&api_version=2.0","viator-only","","","","","Live on Viator; not present in current FareHarbor inventory."
"73172P20","New Orleans Departure Chauffeur Driven Transport","Burton Transit","SUPPLIER-xwFIo9eM8RvIQMxkxlOx6g==","ACTIVE","70.83","4.875","8","","https://www.viator.com/tours/New-Orleans/Private-Departure-Transfer-New-Orleans-Airport-to-Hotel-or-Cruise-Port/d675-73172P20?mcid=42383&pid=P00306962&medium=api&api_version=2.0","viator-only","","","","","Live on Viator; not present in current FareHarbor inventory."
"110804P643","Self-Guided Tour of New Orleans’ Historic French Quarter","VoiceMap Audio Tours","SUPPLIER-Eg8GuOnVczaVY9VcVmDxhg==","ACTIVE","10.79","","0","","https://www.viator.com/tours/New-Orleans/A-Self-Guided-Tour-of-New-Orleans-Historic-French-Quarter/d675-110804P643?mcid=42383&pid=P00306962&medium=api&api_version=2.0","viator-only","","","","","Live on Viator; not present in current FareHarbor inventory."
"9349P50","New Orleans Jingle Bells, Booze, History, Paranormal and Voodoo Walking Tour","New Orleans Drunk History Tours • Show Me New Orleans Tours","SUPPLIER-hqWPcDmLjss0qH0WgTLHdQ==","ACTIVE","55","","0","","https://www.viator.com/tours/New-Orleans/New-Orleans-Jingle-Bells-Booze-History-Paranormal-and-Voodoo-Walking-Tour/d675-9349P50?mcid=42383&pid=P00306962&medium=api&api_version=2.0","viator-only","","","","","Live on Viator; not present in current FareHarbor inventory."
"325289P6","The Sound of New Orleans: Music and Celebrity Tour","2nd Line Tours/Experience","SUPPLIER-s/jb9NZYcqhzTEP+NcQ6oA==","ACTIVE","59","","0","","https://www.viator.com/tours/New-Orleans/Nola-Celebrity-Urban-Tour/d675-325289P6?mcid=42383&pid=P00306962&medium=api&api_version=2.0","viator-only","","","","","Live on Viator; not present in current FareHarbor inventory."
"5530694P109","New Orleans Self-Guided Walking Tour with Audio Guide","Ciceru","SUPPLIER-u3D1S3IdhmIj8xMQm4bysg==","ACTIVE","5.85","","0","","https://www.viator.com/tours/New-Orleans/New-Orleans-Self-Guided-Walking-Tour-with-Audio-Guide/d675-5530694P109?mcid=42383&pid=P00306962&medium=api&api_version=2.0","viator-only","","","","","Live on Viator; not present in current FareHarbor inventory."
"5603135P3","Walking Tour of New Orleans","Authentic City New Orleans","SUPPLIER-2C2fjSqfiOLRtf4zKSTKEQ==","ACTIVE","39","5","1","","https://www.viator.com/tours/New-Orleans/You-Cant-Make-This-Shit-Up-Walking-Tour-of-New-Orleans/d675-5603135P3?mcid=42383&pid=P00306962&medium=api&api_version=2.0","viator-only","","","","","Live on Viator; not present in current FareHarbor inventory."
"141126P3","Oak Alley Or St. Joseph Plantation Plus Swamp Tour Combination","Cajun Pride Swamp Tours","SUPPLIER-ah695t/3pUZ5JxgMe0brVQ==","ACTIVE","125","4.76","25","","https://www.viator.com/tours/New-Orleans/Swamp-and-One-Plantation-Combination-Tour-with-Hotel-Pick-Up/d675-141126P3?mcid=42383&pid=P00306962&medium=api&api_version=2.0","viator-only","","","","","Live on Viator; not present in current FareHarbor inventory."
"30114P54","Explore New Orleans: Self-Guided Audio Tour","Citywalksz Ltd","SUPPLIER-1wPpf3IF0RWWsMFKBmMkRA==","ACTIVE","15.9","3.5","2","","https://www.viator.com/tours/New-Orleans/New-Orleans/d675-30114P54?mcid=42383&pid=P00306962&medium=api&api_version=2.0","viator-only","","","","","Live on Viator; not present in current FareHarbor inventory."
"44093P7","Friends of the Cabildo Garden District Walking Tour","Friends of the Cabildo","SUPPLIER-F/pMCSZc8+oL8qkvVTrm7w==","ACTIVE","30","5","20","","https://www.viator.com/tours/New-Orleans/Friends-of-the-Cabildo-Garden-District-Walking-Tour/d675-44093P7?mcid=42383&pid=P00306962&medium=api&api_version=2.0","viator-only","","","","","Live on Viator; not present in current FareHarbor inventory."
"104204P239","Awesome Scavenger Hunt: Getting Down To Business","Let's Roam","SUPPLIER-AscZDGexc3QU8Ua2JLXVCw==","ACTIVE","12.31","5","1","","https://www.viator.com/tours/New-Orleans/Amazing-Lets-Roam-New-Orleans-Scavenger-Hunt-Getting-Down-To-Business/d675-104204P239?mcid=42383&pid=P00306962&medium=api&api_version=2.0","viator-only","","","","","Live on Viator; not present in current FareHarbor inventory."
"9349P59","Wasted in New Orleans.... NOLA History and Useless Knowledge Tour","New Orleans Drunk History Tours • Show Me New Orleans Tours","SUPPLIER-hqWPcDmLjss0qH0WgTLHdQ==","ACTIVE","22","","0","","https://www.viator.com/tours/New-Orleans/Wasted-in-New-Orleans-NOLA-History-and-Useless-Knowledge/d675-9349P59?mcid=42383&pid=P00306962&medium=api&api_version=2.0","viator-only","","","","","Live on Viator; not present in current FareHarbor inventory."
"40380P452","Departure from New Orleans to New Orleans MSY or Port by Sedan","RHOMTRIP","SUPPLIER-XN12YGfFEjJv/of9iTxG6w==","ACTIVE","82.47","5","2","","https://www.viator.com/tours/New-Orleans/Departure-Private-Transfer-New-Orleans-to-New-Orleans-MSY-or-Port-Business-Car/d675-40380P452?mcid=42383&pid=P00306962&medium=api&api_version=2.0","viator-only","","","","","Live on Viator; not present in current FareHarbor inventory."
"110804P197","Bywater Stroll: Explore the Evolving Neighbourhood on a self-guided audio tour","VoiceMap Audio Tours","SUPPLIER-Eg8GuOnVczaVY9VcVmDxhg==","ACTIVE","6.99","","0","","https://www.viator.com/tours/New-Orleans/Bywater-Stroll-Explore-the-evolving-neighbourhood-on-an-audio-walking-tour/d675-110804P197?mcid=42383&pid=P00306962&medium=api&api_version=2.0","viator-only","","","","","Live on Viator; not present in current FareHarbor inventory."
"5607481P3","New Orleans Ghost Tour","Royal Walking Tours","SUPPLIER-2WKwH4KnOacgp2zLe3Ziag==","ACTIVE","30","1","1","","https://www.viator.com/tours/New-Orleans/New-Orleans-Ghost-Tour/d675-5607481P3?mcid=42383&pid=P00306962&medium=api&api_version=2.0","viator-only","","","","","Live on Viator; not present in current FareHarbor inventory."
"76036P18","New Orleans Private Walking Tour with a Local","Lokafy Inc.","SUPPLIER-ucovRxuKBdlkwSiOleW9iQ==","ACTIVE","48","4.25","4","","https://www.viator.com/tours/New-Orleans/New-Orleans-Like-a-Local-Customized-Private-Tour/d675-76036P18?mcid=42383&pid=P00306962&medium=api&api_version=2.0","viator-only","","","","","Live on Viator; not present in current FareHarbor inventory."
"5520738P140","Discover New Orleans: A Self-Guided Tour","CloudGuide S.L","SUPPLIER-6MouRbvY+uVx+3+SXJagmg==","ACTIVE","1.16","3","1","","https://www.viator.com/tours/New-Orleans/Discover-New-Orleans-A-Guided-Tour/d675-5520738P140?mcid=42383&pid=P00306962&medium=api&api_version=2.0","viator-only","","","","","Live on Viator; not present in current FareHarbor inventory."
"44093P5","Yoga at the Cabildo","Friends of the Cabildo","SUPPLIER-F/pMCSZc8+oL8qkvVTrm7w==","ACTIVE","25.65","5","1","","https://www.viator.com/tours/New-Orleans/Yoga-at-the-Cabildo/d675-44093P5?mcid=42383&pid=P00306962&medium=api&api_version=2.0","viator-only","","","","","Live on Viator; not present in current FareHarbor inventory."
"331299P7","Till Death Do Us Part: Haunted Pub Crawl Where Love Meets Death","Revelry Tours of New Orleans","SUPPLIER-UKCYKeyFTBGLjfLdyb8AeA==","ACTIVE","34.99","","0","","https://www.viator.com/tours/New-Orleans/Till-Death-Do-Us-Part-A-Haunted-Pub-Crawl-for-the-Broken-Hearted/d675-331299P7?mcid=42383&pid=P00306962&medium=api&api_version=2.0","viator-only","","","","","Live on Viator; not present in current FareHarbor inventory."
"110804P6","New Orleans Esplanade Ridge: A Self-Guided Audio Tour","VoiceMap Audio Tours","SUPPLIER-Eg8GuOnVczaVY9VcVmDxhg==","ACTIVE","11.99","4.2","5","","https://www.viator.com/tours/New-Orleans/New-Orleans-Esplanade-Ridge-Walking-Audio-Tour-by-VoiceMap/d675-110804P6?mcid=42383&pid=P00306962&medium=api&api_version=2.0","viator-only","","","","","Live on Viator; not present in current FareHarbor inventory."
"5588707P1","French Quarter Gallery Tour at Historic New Orleans Collection","The Historic New Orleans Collection","SUPPLIER-5Zq/FLsgk524QUKz4PRhKA==","ACTIVE","15","","0","","https://www.viator.com/tours/New-Orleans/French-Quarter-Gallery-Tour-at-Historic-New-Orleans-Collection/d675-5588707P1?mcid=42383&pid=P00306962&medium=api&api_version=2.0","viator-only","","","","","Live on Viator; not present in current FareHarbor inventory."
"137238P91","Unique Scavenger Hunt Experience in New Orleans by Zombie Scavengers","Zombie Scavengers Hunts","SUPPLIER-DgtKKXtscGxpUqaT2O1OlQ==","ACTIVE","20","","0","","https://www.viator.com/tours/New-Orleans/Zombie-Scavengers-Game-New-Orleans-LA/d675-137238P91?mcid=42383&pid=P00306962&medium=api&api_version=2.0","viator-only","","","","","Live on Viator; not present in current FareHarbor inventory."
"8647P559","Private Walking Tour of New Orleans with Licensed Tour Guide","Tour Travel & More","SUPPLIER-2ovdE+BivyWNtWfdZiwIJQ==","ACTIVE","270.26","","0","","https://www.viator.com/tours/New-Orleans/Private-3-hour-Walking-Tour-of-New-Orleans-with-licensed-tour-guide/d675-8647P559?mcid=42383&pid=P00306962&medium=api&api_version=2.0","viator-only","","","","","Live on Viator; not present in current FareHarbor inventory."
"320728P1536","New Orleans Port to New Orleans Airport (MSY)- Departure Transfer","taxiGo DMC","SUPPLIER-CDeyWQR0UApl5sIySSGtFg==","ACTIVE","46.83","","0","","https://www.viator.com/tours/New-Orleans/New-Orleans-Port-to-New-Orleans-Airport-MSY-Departure-Transfer/d675-320728P1536?mcid=42383&pid=P00306962&medium=api&api_version=2.0","viator-only","","","","","Live on Viator; not present in current FareHarbor inventory."
"147508P3","Hire Photographer, Professional Photo Shoot - New Orleans","The Photo Experiences","SUPPLIER-XdO3JvPmffOrK4pE5ia6Qw==","ACTIVE","184.39","5","1","","https://www.viator.com/tours/New-Orleans/Personalised-location-Hotel-Beach-Your-Favourite-Beach/d675-147508P3?mcid=42383&pid=P00306962&medium=api&api_version=2.0","viator-only","","","","","Live on Viator; not present in current FareHarbor inventory."
"6205P24","New Orleans Arts District Gallery Tour with Champagne","Destination Kitchen","SUPPLIER-5Q+tEMqLTG5mM2OnOIZUCQ==","ACTIVE","27","","0","","https://www.viator.com/tours/New-Orleans/Arts-District-Tour-Experience/d675-6205P24?mcid=42383&pid=P00306962&medium=api&api_version=2.0","viator-only","","","","","Live on Viator; not present in current FareHarbor inventory."
"249247P4","New Orleans Paranormal Society Private Ghost Hunt","New Orleans Paranormal Society","SUPPLIER-4FN7quz/HGCeYzzAbwniWw==","ACTIVE","650","5","3","","https://www.viator.com/tours/New-Orleans/Ghostly-Tales-Haunted-Tour/d675-249247P4?mcid=42383&pid=P00306962&medium=api&api_version=2.0","viator-only","","","","","Live on Viator; not present in current FareHarbor inventory."
"209615P103","Private Christmas Heritage Walk in New Orleans","Opatrip.com US LLC – Local Tours in USA","SUPPLIER-zFqQRHouJq396xdYH4usBg==","ACTIVE","469","","0","","https://www.viator.com/tours/New-Orleans/Crescent-City-Christmas-A-Festive-Tour-of-New-Orleans/d675-209615P103?mcid=42383&pid=P00306962&medium=api&api_version=2.0","viator-only","","","","","Live on Viator; not present in current FareHarbor inventory."
"391957P4","New Orleans Airport One way Transfer to Baton Rouge or Slidell","ROULE' TRANSPORTATION NEW ORLEANS' LIMOUSINE & SHUTTLE SERVICE","SUPPLIER-+xwOxOubQxP0SiMKhjdiqw==","ACTIVE","250","","0","","https://www.viator.com/tours/New-Orleans/New-Orleans-Airport-One-way-Transfer-to-Baton-Rouge-or-Slidell/d675-391957P4?mcid=42383&pid=P00306962&medium=api&api_version=2.0","viator-only","","","","","Live on Viator; not present in current FareHarbor inventory."
"368349P412","New Orleans Jewish History Private Guided Walking Tour","New York City Tours","SUPPLIER-76gDJ0qkOEv4nklj5Kpo0Q==","ACTIVE","227","","0","","https://www.viator.com/tours/New-Orleans/New-Orleans-Jewish-History-Private-Guided-Walking-Tour/d675-368349P412?mcid=42383&pid=P00306962&medium=api&api_version=2.0","viator-only","","","","","Live on Viator; not present in current FareHarbor inventory."
"115274P3","Destrehan Plantation Haunted Ghost Tour","Destrehan Plantation","SUPPLIER-WzqBlzTb/36FEezQNhB09Q==","ACTIVE","29.7","","0","","https://www.viator.com/tours/New-Orleans/Haunted-Destrehan-Plantation-Tour/d675-115274P3?mcid=42383&pid=P00306962&medium=api&api_version=2.0","viator-only","","","","","Live on Viator; not present in current FareHarbor inventory."
"132425P8","Round-Trip Transportation|LSU Football Games from New Orleans","Jazzy Limousine & Shuttle","SUPPLIER-9eIcJZth3v0zt7mD8ieSrQ==","ACTIVE","1500","","0","","https://www.viator.com/tours/New-Orleans/Round-Trip-Transportation-to-LSU-Football-Games-from-New-Orleans/d675-132425P8?mcid=42383&pid=P00306962&medium=api&api_version=2.0","viator-only","","","","","Live on Viator; not present in current FareHarbor inventory."
"45557P134","New Orleans Restaurant Week","The Chiefton Group","SUPPLIER-Q9zuSD1SLH3pe2cjtakhuQ==","ACTIVE","189.87","","0","","https://www.viator.com/tours/New-Orleans/New-Orleans-Restaurant-Week/d675-45557P134?mcid=42383&pid=P00306962&medium=api&api_version=2.0","viator-only","","","","","Live on Viator; not present in current FareHarbor inventory."
"73172P63","New Orleans Departure Chauffeur Driven Transport by Executive SUV","Burton Transit","SUPPLIER-xwFIo9eM8RvIQMxkxlOx6g==","ACTIVE","75","3.5","2","","https://www.viator.com/tours/New-Orleans/New-Orleans-to-Baton-Rouge-Chauffeur-Driven-Transport-by-Executive-SUV/d675-73172P63?mcid=42383&pid=P00306962&medium=api&api_version=2.0","viator-only","","","","","Live on Viator; not present in current FareHarbor inventory."
"5656903P14","New Orleans French Quarter Yellow Fever Mystery Walk","OddballTrip","SUPPLIER-qqTRWcQjl/mXzR2RX6nknQ==","ACTIVE","15","","0","","https://www.viator.com/tours/New-Orleans/New-Orleans-French-Quarter-Yellow-Fever-Mystery-Walk/d675-5656903P14?mcid=42383&pid=P00306962&medium=api&api_version=2.0","viator-only","","","","","Live on Viator; not present in current FareHarbor inventory."
"66984P2","Private Tarot Card Reading & New Orleans Voodoo","Big Easy Walking Tours","SUPPLIER-M1DStTinwJpSoe1ZR6VcjA==","ACTIVE","75.9","5","7","","https://www.viator.com/tours/New-Orleans/French-Quarter-Adventure-w-Local-Musician/d675-66984P2?mcid=42383&pid=P00306962&medium=api&api_version=2.0","viator-only","","","","","Live on Viator; not present in current FareHarbor inventory."
"6643P1","Great River Road Museum Ticket at Houmas House Estate and Gardens","Houmas House Plantation and Gardens","SUPPLIER-m8WGg0BNUz1jyRC8AqbZoQ==","ACTIVE","27.38","4.5","2","","https://www.viator.com/tours/New-Orleans/Great-River-Road-Museum/d675-6643P1?mcid=42383&pid=P00306962&medium=api&api_version=2.0","viator-only","","","","","Live on Viator; not present in current FareHarbor inventory."
"70704P2","History of New Orleans Private Driving & Walking Tour","Michaelas Private New Orleans Tours","SUPPLIER-vUQ7hVkaVBiGm1+ngXthGw==","ACTIVE","575","5","2","","https://www.viator.com/tours/New-Orleans/Crescent-City-and-Cemetery-Luxury-Driving-Tour/d675-70704P2?mcid=42383&pid=P00306962&medium=api&api_version=2.0","viator-only","","","","","Live on Viator; not present in current FareHarbor inventory."
"226361P1","A Local's Private French Quarter Walking or Biking Tour","Leanne Sarco","SUPPLIER-q1X2u3kM9z2BDB+9TbOPkg==","ACTIVE","200","5","4","","https://www.viator.com/tours/New-Orleans/A-Locals-French-Quarter-Tour/d675-226361P1?mcid=42383&pid=P00306962&medium=api&api_version=2.0","viator-only","","","","","Live on Viator; not present in current FareHarbor inventory."
"172188P38","Private Vacation Photoshoot with Photographer in New Orleans","Travel and Abroad Holiday Experiences","SUPPLIER-PvpnXFiA3G0rAGqH77r0jA==","ACTIVE","162.73","","0","","https://www.viator.com/tours/New-Orleans/Private-Holiday-Professional-Photo-Shoot-in-New-Orleans/d675-172188P38?mcid=42383&pid=P00306962&medium=api&api_version=2.0","viator-only","","","","","Live on Viator; not present in current FareHarbor inventory."
"358869P5","Uncensored Haunts and Horrors Private Tour","Wicked History Tours","SUPPLIER-Lj5LUkKrTfZ33oFoSrMOcQ==","ACTIVE","550","5","1","","https://www.viator.com/tours/New-Orleans/Uncensored-Haunts-and-Horrors-Private-Tour/d675-358869P5?mcid=42383&pid=P00306962&medium=api&api_version=2.0","viator-only","","","","","Live on Viator; not present in current FareHarbor inventory."
"5583985P3","New Orleans Private Photoshoot","New Orleans Photo Concierge","SUPPLIER-hw6MgarBRlvr/1e0MIOScA==","ACTIVE","265","","0","","https://www.viator.com/tours/New-Orleans/New-Orleans-Private-Photoshoot/d675-5583985P3?mcid=42383&pid=P00306962&medium=api&api_version=2.0","viator-only","","","","","Live on Viator; not present in current FareHarbor inventory."
"173182P4","City Tour in French Historic Districts","Tours By Marguerite","SUPPLIER-JQdQivwDVQZZdkd/wOn5iQ==","ACTIVE","50","1","1","","https://www.viator.com/tours/New-Orleans/City-Tour-in-French-Historic-Districts/d675-173182P4?mcid=42383&pid=P00306962&medium=api&api_version=2.0","viator-only","","","","","Live on Viator; not present in current FareHarbor inventory."
"187102P6","Return to airport","Private Transport and Tour","SUPPLIER-VXAjK+lMJmEhC8f6204ObA==","ACTIVE","22","","0","","https://www.viator.com/tours/New-Orleans/Airport-return/d675-187102P6?mcid=42383&pid=P00306962&medium=api&api_version=2.0","viator-only","","","","","Live on Viator; not present in current FareHarbor inventory."
"134689P285","Unique Scavenger Hunt Experience in New Orleans by 3Quest Challenge","3Quest Challenge","SUPPLIER-TCXb15TBFx6HSFMcCEUl5Q==","ACTIVE","10","","0","","https://www.viator.com/tours/New-Orleans/3Quest-Challenge-Scavenger-Hunts-Salinas-CA/d675-134689P285?mcid=42383&pid=P00306962&medium=api&api_version=2.0","viator-only","","","","","Live on Viator; not present in current FareHarbor inventory."
"335993P4","Beat the Heat: New Orleans Family Friendly Ice Cream Walking Tour","AFK Food Tours","SUPPLIER-kvOrJCgTVmL8AZBn1+xmoA==","ACTIVE","100","","0","","https://www.viator.com/tours/New-Orleans/The-Ice-Cream-Tour/d675-335993P4?mcid=42383&pid=P00306962&medium=api&api_version=2.0","viator-only","","","","","Live on Viator; not present in current FareHarbor inventory."
"6201P12","New Orleans Group Sightseeing Flight for 4-5 people","New Orleans Aerial Tours & Flight Training","SUPPLIER-oS/CtoUPSHXzMhVfTvS7iA==","ACTIVE","166","5","1","","https://www.viator.com/tours/New-Orleans/New-Orleans-Group-Sightseeing-Flight-for-4-5-people/d675-6201P12?mcid=42383&pid=P00306962&medium=api&api_version=2.0","viator-only","","","","","Live on Viator; not present in current FareHarbor inventory."
"173182P3","Le Faubourg Tremé guided tour in French","Tours By Marguerite","SUPPLIER-JQdQivwDVQZZdkd/wOn5iQ==","ACTIVE","35","","0","","https://www.viator.com/tours/New-Orleans/Le-Faubourg-Treme-guided-tour-in-French/d675-173182P3?mcid=42383&pid=P00306962&medium=api&api_version=2.0","viator-only","","","","","Live on Viator; not present in current FareHarbor inventory."
"331299P5","New Orleans Bayou Brews and Bites Walking Tour","Revelry Tours of New Orleans","SUPPLIER-UKCYKeyFTBGLjfLdyb8AeA==","ACTIVE","150","","0","","https://www.viator.com/tours/New-Orleans/Bayou-Brews-and-Bites/d675-331299P5?mcid=42383&pid=P00306962&medium=api&api_version=2.0","viator-only","","","","","Live on Viator; not present in current FareHarbor inventory."
"183584P1","ICONS MUSEUM Exclusive Tour","THE ICONS MUSEUM","SUPPLIER-Xxd2uii4rjvPGvohz66Cng==","ACTIVE","50","","0","","https://www.viator.com/tours/New-Orleans/The-ICONS-Museum-Premier-Art-Tour/d675-183584P1?mcid=42383&pid=P00306962&medium=api&api_version=2.0","viator-only","","","","","Live on Viator; not present in current FareHarbor inventory."
"400627P7","Private Garden District Walking Tour","DuPont and Company","SUPPLIER-mtOjTpeAgjupEokgIPG3CQ==","ACTIVE","600","","0","","https://www.viator.com/tours/New-Orleans/Witches-of-the-French-Quarter-Walking-Tour/d675-400627P7?mcid=42383&pid=P00306962&medium=api&api_version=2.0","viator-only","","","","","Live on Viator; not present in current FareHarbor inventory."
"128285P2233","New Orleans hotels to NOLA Cruise Port - Departure Private Transfer","taxiGo.online - Booking Transfer & Taxi","SUPPLIER-pFSMm2f6cCQ4IYQ3VQIu7g==","ACTIVE","103.02","","0","","https://www.viator.com/tours/New-Orleans/New-Orleans-hotels-to-NOLA-Cruise-Port-Departure-Private-Transfer/d675-128285P2233?mcid=42383&pid=P00306962&medium=api&api_version=2.0","viator-only","","","","","Live on Viator; not present in current FareHarbor inventory."
"45557P187","New Orleans - Louis Armstrong International (MSY) Airport Hotel Shuttle","The Chiefton Group","SUPPLIER-Q9zuSD1SLH3pe2cjtakhuQ==","ACTIVE","83","","0","","https://www.viator.com/tours/New-Orleans/New-Orleans-Louis-Armstrong-International-Airport-One-Way-Transfer/d675-45557P187?mcid=42383&pid=P00306962&medium=api&api_version=2.0","viator-only","","","","","Live on Viator; not present in current FareHarbor inventory."
"320728P1535","New Orleans Airport(MSY) to Port of New Orleans- Private Transfer","taxiGo DMC","SUPPLIER-CDeyWQR0UApl5sIySSGtFg==","ACTIVE","46.83","","0","","https://www.viator.com/tours/New-Orleans/New-Orleans-Airport-MSY-to-Port-of-New-Orleans-Arrival-Transfer/d675-320728P1535?mcid=42383&pid=P00306962&medium=api&api_version=2.0","viator-only","","","","","Live on Viator; not present in current FareHarbor inventory."
"5503458P5","New Orleans History of Drinking Cocktail Bike Tour","A Street Tour Named Desire","SUPPLIER-rT6P4cqUML4UI5gUQi6oDw==","ACTIVE","115","5","12","","https://www.viator.com/tours/New-Orleans/New-Orleans-History-of-Drinking-Cocktail-Bike-Tour/d675-5503458P5?mcid=42383&pid=P00306962&medium=api&api_version=2.0","viator-only","","","","","Live on Viator; not present in current FareHarbor inventory."
"5594004P3","Gilded Grit: Women of the Vieux Carré Walking Tour","The Real:  New Orleans","SUPPLIER-zP0NgkwguwFthL6SKl8yRw==","ACTIVE","48","","0","","https://www.viator.com/tours/New-Orleans/Gilded-Grit-Women-of-the-Vieux-Carre-Walking-Tour/d675-5594004P3?mcid=42383&pid=P00306962&medium=api&api_version=2.0","viator-only","","","","","Live on Viator; not present in current FareHarbor inventory."
"351393P3","Transfer in 39 Passenger Bus from MSY/Port to Downtown","Riculfy Livery LLC","SUPPLIER-uKzPR8zy3WGzBpiuGJtbCA==","ACTIVE","630","","0","","https://www.viator.com/tours/New-Orleans/Transfer-in-39-Passenger-Bus-from-MSY-Port-to-Downtown/d675-351393P3?mcid=42383&pid=P00306962&medium=api&api_version=2.0","viator-only","","","","","Live on Viator; not present in current FareHarbor inventory."
"5678475P1","New Orleans Orientation Pass with Local DIscounts","Welcome to the Swamp","SUPPLIER-CNNwSBiF2hROllbNHYRSow==","ACTIVE","5","","0","","https://www.viator.com/tours/New-Orleans/New-Orleans-Orientation-Pass-Welcome-to-the-Swamp/d675-5678475P1?mcid=42383&pid=P00306962&medium=api&api_version=2.0","viator-only","","","","","Live on Viator; not present in current FareHarbor inventory."
"368349P411","New Orleans Museum of Art Skip the line Private Guided Tour","New York City Tours","SUPPLIER-76gDJ0qkOEv4nklj5Kpo0Q==","ACTIVE","244","","0","","https://www.viator.com/tours/New-Orleans/New-Orleans-Museum-of-Art-Skip-the-line-Private-Guided-Tour/d675-368349P411?mcid=42383&pid=P00306962&medium=api&api_version=2.0","viator-only","","","","","Live on Viator; not present in current FareHarbor inventory."
"211112P286","Get in the holiday spirit with a scavenger hunt by Holly Jolly Hunt New Orleans","Holly Jolly Hunt - Holiday Scavenger Hunt","SUPPLIER-yeHxKPdOavxNLBnbmoXBzg==","ACTIVE","20","","0","","https://www.viator.com/tours/New-Orleans/Holly-Jolly-Hunt-Holiday-Scavenger-Hunt-in-Pueblo-CO/d675-211112P286?mcid=42383&pid=P00306962&medium=api&api_version=2.0","viator-only","","","","","Live on Viator; not present in current FareHarbor inventory."
"209615P54","Private Historical Walk in New Orleans French Quarter","Opatrip.com US LLC – Local Tours in USA","SUPPLIER-zFqQRHouJq396xdYH4usBg==","ACTIVE","319","5","1","","https://www.viator.com/tours/New-Orleans/The-Best-of-New-Orleans-Walking-Tour/d675-209615P54?mcid=42383&pid=P00306962&medium=api&api_version=2.0","viator-only","","","","","Live on Viator; not present in current FareHarbor inventory."
"351393P1","Private Luxury Transfer in New Orleans","Riculfy Livery LLC","SUPPLIER-uKzPR8zy3WGzBpiuGJtbCA==","ACTIVE","75","","0","","https://www.viator.com/tours/New-Orleans/Riculfy-Livery-offers-transportation-services-for-almost-any-occasion/d675-351393P1?mcid=42383&pid=P00306962&medium=api&api_version=2.0","viator-only","","","","","Live on Viator; not present in current FareHarbor inventory."
"5603135P7","Ghosts of New Orleans Haunted French Quarter Walking Tour","Authentic City New Orleans","SUPPLIER-2C2fjSqfiOLRtf4zKSTKEQ==","ACTIVE","39","","0","","https://www.viator.com/tours/New-Orleans/Ghosts-of-New-Orleans-Haunted-French-Quarter-Walking-Tour/d675-5603135P7?mcid=42383&pid=P00306962&medium=api&api_version=2.0","viator-only","","","","","Live on Viator; not present in current FareHarbor inventory."
"5693964P7","Private 2.5-Hour Express French Quarter Walking Tour and Tasting","Local Liaison","SUPPLIER-h7gu13RSdyk6f/j7xqKGTA==","ACTIVE","139.5","","0","","https://www.viator.com/tours/New-Orleans/Private-French-Quarter-History-Walk-with-One-Classic-Food-Tasting/d675-5693964P7?mcid=42383&pid=P00306962&medium=api&api_version=2.0","viator-only","","","","","Live on Viator; not present in current FareHarbor inventory."
"5681145P1","Tree Frogs Aerial Adventure Course","Tree Frogs Park","SUPPLIER-qAJJIKQ1w8y6lhKFB54Hpw==","ACTIVE","32.99","","0","","https://www.viator.com/tours/New-Orleans/Tree-Frogs-Aerial-Adventure-Course/d675-5681145P1?mcid=42383&pid=P00306962&medium=api&api_version=2.0","viator-only","","","","","Live on Viator; not present in current FareHarbor inventory."
"5603135P2","Greatest Hits of the New Orleans French Quarter Walking Tour","Authentic City New Orleans","SUPPLIER-2C2fjSqfiOLRtf4zKSTKEQ==","ACTIVE","39","","0","","https://www.viator.com/tours/New-Orleans/Greatest-Hits-of-the-French-Quarter-Tour/d675-5603135P2?mcid=42383&pid=P00306962&medium=api&api_version=2.0","viator-only","","","","","Live on Viator; not present in current FareHarbor inventory."
"400705P108","New Orleans French Quarters GPS App Walking Tour Mobile Game","Leplace - interactive self-guided app tours","SUPPLIER-y3CaW+Y7OvYOylyPqbukMw==","ACTIVE","13.45","","0","","https://www.viator.com/tours/New-Orleans/New-Orleans-Tour-GPS-App-Walking-Tour-Mobile-Game/d675-400705P108?mcid=42383&pid=P00306962&medium=api&api_version=2.0","viator-only","","","","","Live on Viator; not present in current FareHarbor inventory."
"128285P3977","Flavors of the French Quarter: Private New Orleans Food Tour","taxiGo.online - Booking Transfer & Taxi","SUPPLIER-pFSMm2f6cCQ4IYQ3VQIu7g==","ACTIVE","1228.1","","0","","https://www.viator.com/tours/New-Orleans/Flavors-of-the-French-Quarter-Private-New-Orleans-Food-Tour/d675-128285P3977?mcid=42383&pid=P00306962&medium=api&api_version=2.0","viator-only","","","","","Live on Viator; not present in current FareHarbor inventory."
"67615P5","Big Easy Bayou Bites Tour By Junket","New Orleans Ghosts By Us Ghost Adventures","SUPPLIER-XXSuSoEzftk2tmlRErvgaA==","ACTIVE","93","5","1","","https://www.viator.com/tours/New-Orleans/Big-Easy-Bayou-Bites-Tour/d675-67615P5?mcid=42383&pid=P00306962&medium=api&api_version=2.0","viator-only","","","","","Live on Viator; not present in current FareHarbor inventory."
"209615P291","Private Historic Cemetery Walk in New Orleans","Opatrip.com US LLC – Local Tours in USA","SUPPLIER-zFqQRHouJq396xdYH4usBg==","ACTIVE","1649","5","1","","https://www.viator.com/tours/New-Orleans/Eternal-Echoes-A-Cemetery-Tour-of-New-Orleans/d675-209615P291?mcid=42383&pid=P00306962&medium=api&api_version=2.0","viator-only","","","","","Live on Viator; not present in current FareHarbor inventory."
"5497162P2","2 Day Ultimate Bliss New Orleans Ladies Only Tour","Unknown Supplier","SUPPLIER-ldKHKawV4gBl1XJLS6yUDA==","ACTIVE","875","","0","","https://www.viator.com/tours/New-Orleans/2-Day-Ultimate-Bliss-New-Orleans-Ladies-Only-Tour/d675-5497162P2?mcid=42383&pid=P00306962&medium=api&api_version=2.0","viator-only","","","","","Live on Viator; not present in current FareHarbor inventory."
"209615P55","Private Romantic Heritage Walk in New Orleans","Opatrip.com US LLC – Local Tours in USA","SUPPLIER-zFqQRHouJq396xdYH4usBg==","ACTIVE","649","","0","","https://www.viator.com/tours/New-Orleans/Love-Stories-of-New-Orleans/d675-209615P55?mcid=42383&pid=P00306962&medium=api&api_version=2.0","viator-only","","","","","Live on Viator; not present in current FareHarbor inventory."
"120103P13","Historic Pitot House and St Louis Cemetery No 3 Combined Tour","Save Our Cemeteries","SUPPLIER-kuAocYpU7KmbmuNHcnu3vw==","ACTIVE","35","","0","","https://www.viator.com/tours/New-Orleans/Historic-Pitot-House-and-St-Louis-Cemetery-No-3-Combined-Tour/d675-120103P13?mcid=42383&pid=P00306962&medium=api&api_version=2.0","viator-only","","","","","Live on Viator; not present in current FareHarbor inventory."
"45557P200","New Orleans Airport Private Hotel Transfer up to 5 passengers","The Chiefton Group","SUPPLIER-Q9zuSD1SLH3pe2cjtakhuQ==","ACTIVE","42.67","","0","","https://www.viator.com/tours/New-Orleans/Rogue-Valley-International-Medford-Airport-One-Way-Transfer/d675-45557P200?mcid=42383&pid=P00306962&medium=api&api_version=2.0","viator-only","","","","","Live on Viator; not present in current FareHarbor inventory."
"213843P2","Mardi Gras Mambo Tours: Sip, Savor SecondLine","Mardi Gras Mambo Tours","SUPPLIER-PueFWbE1h39p0BVxNBU5Tg==","ACTIVE","199","5","2","","https://www.viator.com/tours/New-Orleans/Mardi-Gras-Mambo-Tours/d675-213843P2?mcid=42383&pid=P00306962&medium=api&api_version=2.0","viator-only","","","","","Live on Viator; not present in current FareHarbor inventory."
"5594004P7","DayWalkers Supernatural History Walking Tour in the Light","The Real:  New Orleans","SUPPLIER-zP0NgkwguwFthL6SKl8yRw==","ACTIVE","48","","0","","https://www.viator.com/tours/New-Orleans/DayWalkers-A-Walking-Tour-in-the-Light/d675-5594004P7?mcid=42383&pid=P00306962&medium=api&api_version=2.0","viator-only","","","","","Live on Viator; not present in current FareHarbor inventory."
"91161P8","New Orleans Craft Brewery Walking Tour","Bon Moment NOLA","SUPPLIER-gRRUIHgjTtascOF8c9jcxw==","ACTIVE","75","","0","","https://www.viator.com/tours/New-Orleans/New-Orleans-Craft-Brewery-Tour-Tasting-and-Local-History/d675-91161P8?mcid=42383&pid=P00306962&medium=api&api_version=2.0","viator-only","","","","","Live on Viator; not present in current FareHarbor inventory."
"5621732P3","Private Airport Transfer MSY to Downtown by SUV","Regal Chauffeur","SUPPLIER-rs3lMZiYg9zZOl6YTjsI4A==","ACTIVE","150","","0","","https://www.viator.com/tours/New-Orleans/Private-Luxury-Airport-Transfer-in-SUV-MSY/d675-5621732P3?mcid=42383&pid=P00306962&medium=api&api_version=2.0","viator-only","","","","","Live on Viator; not present in current FareHarbor inventory."
"5686399P1","New Orleans Old Alker Distillery Tour and Expert Guided Tasting","Old Alker Distillery","SUPPLIER-NrTNZF/lzKrJSXaIIMer8w==","ACTIVE","25","","0","","https://www.viator.com/tours/New-Orleans/Distillery-Tour-and-Guided-Tasting/d675-5686399P1?mcid=42383&pid=P00306962&medium=api&api_version=2.0","viator-only","","","","","Live on Viator; not present in current FareHarbor inventory."
"128285P2232","NOLA Cruise Port to New Orleans hotels - Round-Trip Private Transfer","taxiGo.online - Booking Transfer & Taxi","SUPPLIER-pFSMm2f6cCQ4IYQ3VQIu7g==","ACTIVE","206.05","","0","","https://www.viator.com/tours/New-Orleans/NOLA-Cruise-Port-to-New-Orleans-hotels-Round-Trip-Private-Transfer/d675-128285P2232?mcid=42383&pid=P00306962&medium=api&api_version=2.0","viator-only","","","","","Live on Viator; not present in current FareHarbor inventory."
"19830P15","Private Urban Plantation and French Quarter Walking Tour","New Orleans Private Tours","SUPPLIER-Jl6/QXqExPDJ52AR+aUZvg==","ACTIVE","450","","0","","https://www.viator.com/tours/New-Orleans/Private-Urban-Plantation-and-French-Quarter-Walking-Tour/d675-19830P15?mcid=42383&pid=P00306962&medium=api&api_version=2.0","viator-only","","","","","Live on Viator; not present in current FareHarbor inventory."
"2292P32","Laura and Whitney Plantation Tour with Private Transportation","Tours by Isabelle","SUPPLIER-/SCgQegRelYc02enrvEGfg==","ACTIVE","1033.5","4.9761906","42","","https://www.viator.com/tours/New-Orleans/Whitney-Plantation-Museum-of-Slavery-St-Joseph-Plantation-with-Private-Transport/d675-2292P32?mcid=42383&pid=P00306962&medium=api&api_version=2.0","viator-only","","","","","Live on Viator; not present in current FareHarbor inventory."
"87311P4","Private Darkside of New Orleans Tour: Spirits, Vampire and Voodoo","Nola Detours","SUPPLIER-8/mcq6VF/wbkee27HoTFzw==","ACTIVE","165","","0","","https://www.viator.com/tours/New-Orleans/Blood-on-Every-Brick/d675-87311P4?mcid=42383&pid=P00306962&medium=api&api_version=2.0","viator-only","","","","","Live on Viator; not present in current FareHarbor inventory."
"350808P1865","New Orleans to New Orleans Airport (MSY) - Departure Transfer","taxiGo Limo Airport Service","SUPPLIER-7x5WE21jDa5c9d+0m+x9mw==","ACTIVE","63.22","","0","","https://www.viator.com/tours/New-Orleans/New-Orleans-to-New-Orleans-Airport-MSY-Departure-Transfer/d675-350808P1865?mcid=42383&pid=P00306962&medium=api&api_version=2.0","viator-only","","","","","Live on Viator; not present in current FareHarbor inventory."
"73172P22","New Orleans Departure Chauffeur Driven Transport by Executive Sedan","Burton Transit","SUPPLIER-xwFIo9eM8RvIQMxkxlOx6g==","ACTIVE","70.83","3","2","","https://www.viator.com/tours/New-Orleans/Private-Towncar-Departure-Transfer-New-Orleans-Airport-to-Hotel-or-Cruise-Port/d675-73172P22?mcid=42383&pid=P00306962&medium=api&api_version=2.0","viator-only","","","","","Live on Viator; not present in current FareHarbor inventory."
"3728P1","Bananas Foster Cooking Demonstration in the French Quarter","Court of Two Sisters Restaurant","SUPPLIER-c70EDuHzoR6gD+5BtxEang==","ACTIVE","18","","0","","https://www.viator.com/tours/New-Orleans/Bananas-Foster-Cooking-Demonstration-in-the-French-Quarter/d675-3728P1?mcid=42383&pid=P00306962&medium=api&api_version=2.0","viator-only","","","","","Live on Viator; not present in current FareHarbor inventory."
"209615P334","Private Heritage Walk in New Orleans Garden District","Opatrip.com US LLC – Local Tours in USA","SUPPLIER-zFqQRHouJq396xdYH4usBg==","ACTIVE","319","","0","","https://www.viator.com/tours/New-Orleans/Uptown-Elegance-New-Orleans-Garden-District/d675-209615P334?mcid=42383&pid=P00306962&medium=api&api_version=2.0","viator-only","","","","","Live on Viator; not present in current FareHarbor inventory."
"135145P8","Dessert To Die Tour: Tastings, Spooky Tales and History","Shrimp Boil Cabaret","SUPPLIER-MlgZhNWgeZW4z7cmUKQ0FA==","ACTIVE","69","","0","","https://www.viator.com/tours/New-Orleans/Dessert-to-Die-Tour/d675-135145P8?mcid=42383&pid=P00306962&medium=api&api_version=2.0","viator-only","","","","","Live on Viator; not present in current FareHarbor inventory."
"73172P40","New Orleans Round Trip Chauffeur Driven Transport by Executive Sprinter","Burton Transit","SUPPLIER-xwFIo9eM8RvIQMxkxlOx6g==","ACTIVE","335","","0","","https://www.viator.com/tours/New-Orleans/Private-Roundtrip-Transfer-MSY-to-Hotel-or-Cruise-Port-by-Executive-Sprinter/d675-73172P40?mcid=42383&pid=P00306962&medium=api&api_version=2.0","viator-only","","","","","Live on Viator; not present in current FareHarbor inventory."
"128285P1392","New Orleans Airport (MSY) to New Orleans Port Roundtrip Transfer","taxiGo.online - Booking Transfer & Taxi","SUPPLIER-pFSMm2f6cCQ4IYQ3VQIu7g==","ACTIVE","126.44","","0","","https://www.viator.com/tours/New-Orleans/New-Orleans-L-Armstrong-Airport-MSY-to-Cruise-Port-Roundtrip-Private-Transfer/d675-128285P1392?mcid=42383&pid=P00306962&medium=api&api_version=2.0","viator-only","","","","","Live on Viator; not present in current FareHarbor inventory."
"427591P2","Talking To The Dead On Tour","Psychic Medium Marie","SUPPLIER-LfihGGvW5PSTplHxSwRtzA==","ACTIVE","1095","5","8","","https://www.viator.com/tours/New-Orleans/Talking-To-The-Dead-Tour/d675-427591P2?mcid=42383&pid=P00306962&medium=api&api_version=2.0","viator-only","","","","","Live on Viator; not present in current FareHarbor inventory."
"350808P1866","New Orleans Airport (MSY) to New Orleans - Round-Trip Transfer","taxiGo Limo Airport Service","SUPPLIER-7x5WE21jDa5c9d+0m+x9mw==","ACTIVE","126.44","","0","","https://www.viator.com/tours/New-Orleans/New-Orleans-Airport-MSY-to-New-Orleans-RoundTrip-Transfer/d675-350808P1866?mcid=42383&pid=P00306962&medium=api&api_version=2.0","viator-only","","","","","Live on Viator; not present in current FareHarbor inventory."
"209615P333","Crescent City Chronicles: A Family Discovery Tour","Opatrip.com US LLC – Local Tours in USA","SUPPLIER-zFqQRHouJq396xdYH4usBg==","ACTIVE","309.07","","0","","https://www.viator.com/tours/New-Orleans/Crescent-City-Chronicles-A-Family-Discovery-Tour/d675-209615P333?mcid=42383&pid=P00306962&medium=api&api_version=2.0","viator-only","","","","","Live on Viator; not present in current FareHarbor inventory."
"331299P6","Big Easy's Sweet Secrets","Revelry Tours of New Orleans","SUPPLIER-UKCYKeyFTBGLjfLdyb8AeA==","ACTIVE","140","","0","","https://www.viator.com/tours/New-Orleans/Big-Easys-Sweet-Secrets/d675-331299P6?mcid=42383&pid=P00306962&medium=api&api_version=2.0","viator-only","","","","","Live on Viator; not present in current FareHarbor inventory."
"408323P1","Bom Creole Dining Experience w/ Pool and Louisiana Native Chef","Chef Tiger Creole Dining Experience with Pool","SUPPLIER-8QGC392uctK9AJt0k+oOVA==","ACTIVE","135","","0","","https://www.viator.com/tours/New-Orleans/Southern-Hospitality-Creole-Cooking-Lets-Eat/d675-408323P1?mcid=42383&pid=P00306962&medium=api&api_version=2.0","viator-only","","","","","Live on Viator; not present in current FareHarbor inventory."
"64332P6","Paranormal Investigation Haunted Plantation With NOLACHILLS","NOLA GhostRiders","SUPPLIER-ODu+cYHhAXmF5xbqwDTQ2A==","ACTIVE","99","","0","","https://www.viator.com/tours/New-Orleans/BROTHEL-and-BORDELLO-SCANDALS-TOUR/d675-64332P6?mcid=42383&pid=P00306962&medium=api&api_version=2.0","viator-only","","","","","Live on Viator; not present in current FareHarbor inventory."
"8647P574","Private 3-hour City Tour of New Orleans with driver and guide - Hotel pick up","Tour Travel & More","SUPPLIER-2ovdE+BivyWNtWfdZiwIJQ==","ACTIVE","584.2","4","1","","https://www.viator.com/tours/New-Orleans/Private-4-hour-City-Tour-of-New-Orleans-with-driver-guide-Hotel-pick-up/d675-8647P574?mcid=42383&pid=P00306962&medium=api&api_version=2.0","viator-only","","","","","Live on Viator; not present in current FareHarbor inventory."
"351393P2","Private Transfer from MSY/Port to Downtown","Riculfy Livery LLC","SUPPLIER-uKzPR8zy3WGzBpiuGJtbCA==","ACTIVE","1060","","0","","https://www.viator.com/tours/New-Orleans/Private-Limo-Charter-in-24-Passenger-Limo-Bus/d675-351393P2?mcid=42383&pid=P00306962&medium=api&api_version=2.0","viator-only","","","","","Live on Viator; not present in current FareHarbor inventory."
"209615P335","Hidden Gardens: An Urban Plantation Walking Tour","Opatrip.com US LLC – Local Tours in USA","SUPPLIER-zFqQRHouJq396xdYH4usBg==","ACTIVE","309.07","","0","","https://www.viator.com/tours/New-Orleans/Hidden-Gardens-An-Urban-Plantation-Walking-Tour/d675-209615P335?mcid=42383&pid=P00306962&medium=api&api_version=2.0","viator-only","","","","","Live on Viator; not present in current FareHarbor inventory."
"201921P3","Soul of NOLA French Quarter, Marigny, and City Park Combo Tour","Soul of Nola","SUPPLIER-B/HpDvXRyC4CB0mIugFA8w==","ACTIVE","475","5","1","","https://www.viator.com/tours/New-Orleans/Soul-of-NOLA-French-Quarter-Marigny-and-City-Park-Combo-Tour/d675-201921P3?mcid=42383&pid=P00306962&medium=api&api_version=2.0","viator-only","","","","","Live on Viator; not present in current FareHarbor inventory."
"73172P31","New Orleans Round Trip Chauffeur Driven Transport by Executive Sedan","Burton Transit","SUPPLIER-xwFIo9eM8RvIQMxkxlOx6g==","ACTIVE","142","4.5","2","","https://www.viator.com/tours/New-Orleans/Private-Roundtrip-Transfer-New-Orleans-MSY-Airport-to-Hotel-by-Luxury-Sedan/d675-73172P31?mcid=42383&pid=P00306962&medium=api&api_version=2.0","viator-only","","","","","Live on Viator; not present in current FareHarbor inventory."
"58762P14","Beyond the French Quarter Food Tour","New Orleans Secrets Tours","SUPPLIER-O4vUi32/voXAoLkcd+Q9YQ==","ACTIVE","189","","0","","https://www.viator.com/tours/New-Orleans/Beyond-the-French-Quarter-Food-Tour/d675-58762P14?mcid=42383&pid=P00306962&medium=api&api_version=2.0","viator-only","","","","","Live on Viator; not present in current FareHarbor inventory."
"9349P57","New Orleans Drunk and Corrupt History Tour","New Orleans Drunk History Tours • Show Me New Orleans Tours","SUPPLIER-hqWPcDmLjss0qH0WgTLHdQ==","ACTIVE","22.75","","0","","https://www.viator.com/tours/New-Orleans/New-Orleans-Drunk-and-Corrupt-History-Tour/d675-9349P57?mcid=42383&pid=P00306962&medium=api&api_version=2.0","viator-only","","","","","Live on Viator; not present in current FareHarbor inventory."
"108989P52","Kid-friendly New Orleans City Walking Private Tour for Families","Tour with Kids","SUPPLIER-dTNo0qFN4DhrpTSyphfo/w==","ACTIVE","318.44","","0","","https://www.viator.com/tours/New-Orleans/Kid-Friendly-New-Orleans-City-Private-Tour-for-Kids-and-Families/d675-108989P52?mcid=42383&pid=P00306962&medium=api&api_version=2.0","viator-only","","","","","Live on Viator; not present in current FareHarbor inventory."
"5594004P6","Last Fling in NOLA: Bachelor or Bachelorette Pub Crawl and Tour","The Real:  New Orleans","SUPPLIER-zP0NgkwguwFthL6SKl8yRw==","ACTIVE","48","","0","","https://www.viator.com/tours/New-Orleans/Last-Fling-in-NOLA/d675-5594004P6?mcid=42383&pid=P00306962&medium=api&api_version=2.0","viator-only","","","","","Live on Viator; not present in current FareHarbor inventory."
"44599P4","New Orleans Private City Tour","Celebration Tours","SUPPLIER-x6T5039ICMp9LnFM5HRo4Q==","ACTIVE","1050","4.8076925","26","","https://www.viator.com/tours/New-Orleans/New-Orleans-City-and-Katrina-Recovery-Private-Tour/d675-44599P4?mcid=42383&pid=P00306962&medium=api&api_version=2.0","viator-only","","","","","Live on Viator; not present in current FareHarbor inventory."
"104204P876","Awesome Audio Tour : Rhythms of the French Quarter","Let's Roam","SUPPLIER-AscZDGexc3QU8Ua2JLXVCw==","ACTIVE","14.99","","0","","https://www.viator.com/tours/New-Orleans/New-Orleans-Audio-Tour-Rhythms-of-the-French-Quarter-Adventure/d675-104204P876?mcid=42383&pid=P00306962&medium=api&api_version=2.0","viator-only","","","","","Live on Viator; not present in current FareHarbor inventory."
"2292P29","Private Louisiana Plantations Tour with Gourmet Lunch from New Orleans","Tours by Isabelle","SUPPLIER-/SCgQegRelYc02enrvEGfg==","ACTIVE","1095","5","22","","https://www.viator.com/tours/New-Orleans/Private-Louisiana-Plantations-Tour-with-Lunch-from-New-Orleans/d675-2292P29?mcid=42383&pid=P00306962&medium=api&api_version=2.0","viator-only","","","","","Live on Viator; not present in current FareHarbor inventory."
"5693964P3","Private New Orleans Streetcar and Garden District Tour","Local Liaison","SUPPLIER-h7gu13RSdyk6f/j7xqKGTA==","ACTIVE","395","","0","","https://www.viator.com/tours/New-Orleans/Private-New-Orleans-Streetcar-and-Garden-District-History-Tour/d675-5693964P3?mcid=42383&pid=P00306962&medium=api&api_version=2.0","viator-only","","","","","Live on Viator; not present in current FareHarbor inventory."
"132425P15","Private SUV Transfers | MSY Airport and NOLA Cruise Port","Jazzy Limousine & Shuttle","SUPPLIER-9eIcJZth3v0zt7mD8ieSrQ==","ACTIVE","75","","0","","https://www.viator.com/tours/New-Orleans/Private-SUV-Transfers-to-MSY-Airport-and-Cruise-Port/d675-132425P15?mcid=42383&pid=P00306962&medium=api&api_version=2.0","viator-only","","","","","Live on Viator; not present in current FareHarbor inventory."
"209615P212","Majestic Oak Alley Plantation Tour","Opatrip.com US LLC – Local Tours in USA","SUPPLIER-zFqQRHouJq396xdYH4usBg==","ACTIVE","1077.08","","0","","https://www.viator.com/tours/New-Orleans/Oak-alley-plantation-tour-in-New-Orleans/d675-209615P212?mcid=42383&pid=P00306962&medium=api&api_version=2.0","viator-only","","","","","Live on Viator; not present in current FareHarbor inventory."
"173182P5","Excursion Plantation Blues and Jazz","Tours By Marguerite","SUPPLIER-JQdQivwDVQZZdkd/wOn5iQ==","ACTIVE","130","","0","","https://www.viator.com/tours/New-Orleans/Excursion-Plantation-Blues-and-Jazz/d675-173182P5?mcid=42383&pid=P00306962&medium=api&api_version=2.0","viator-only","","","","","Live on Viator; not present in current FareHarbor inventory."
"2292P37","Private New Orleans 3-Hour Historical and Sightseeing Tour","Tours by Isabelle","SUPPLIER-/SCgQegRelYc02enrvEGfg==","ACTIVE","495","5","1","","https://www.viator.com/tours/New-Orleans/Private-New-Orleans-3-Hour-Historical-and-Sightseeing-Tour/d675-2292P37?mcid=42383&pid=P00306962&medium=api&api_version=2.0","viator-only","","","","","Live on Viator; not present in current FareHarbor inventory."
"117866P603","New Orleans Private City Highlights","Welcome Pickups","SUPPLIER-T0BHbIpKsxnL5K5DLELMrQ==","ACTIVE","265.76","","0","","https://www.viator.com/tours/New-Orleans/New-Orleans-Private-City-Highlights/d675-117866P603?mcid=42383&pid=P00306962&medium=api&api_version=2.0","viator-only","","","","","Live on Viator; not present in current FareHarbor inventory."
"5611273P2","French Quarter, Voodoo, and Vampire History Tour","His-STORY of New Orleans","SUPPLIER-l3BbXK+Dlg5ENaisGKjVZg==","ACTIVE","22","5","7","","https://www.viator.com/tours/New-Orleans/French-Quarter-Voodoo-and-Vampire-History/d675-5611273P2?mcid=42383&pid=P00306962&medium=api&api_version=2.0","viator-only","","","","","Live on Viator; not present in current FareHarbor inventory."
"5605153P14","Self Guided Tour of the Historic French Quarter","STQRY","SUPPLIER-XUbX8/6G2m3At1fklOEsCg==","ACTIVE","5.99","","0","","https://www.viator.com/tours/New-Orleans/Beyond-Fat-Tuesday-A-Guide-to-the-Historic-French-Quarter/d675-5605153P14?mcid=42383&pid=P00306962&medium=api&api_version=2.0","viator-only","","","","","Live on Viator; not present in current FareHarbor inventory."
"6649P5","Laura Plantation: The Black Union Soldiers Tour","Laura Plantation","SUPPLIER-BS10huQBH91Bw2pqQdkXiw==","ACTIVE","32.06","","0","","https://www.viator.com/tours/New-Orleans/Laura-Plantation-Tour-Stories-of-Freedom-Fighters/d675-6649P5?mcid=42383&pid=P00306962&medium=api&api_version=2.0","viator-only","","","","","Live on Viator; not present in current FareHarbor inventory."
"85439P45","New Orleans Louis Armstrong Airport MSY Round-Trip Private Transfer","PROFI DRIVER","SUPPLIER-/mmbTtOyxt6xnnxJjzbrAw==","ACTIVE","220.1","","0","","https://www.viator.com/tours/New-Orleans/Paris-Private-Transfers-from-Paris-City-to-Paris-Beauvais-Tille-Airport-BVA/d675-85439P45?mcid=42383&pid=P00306962&medium=api&api_version=2.0","viator-only","","","","","Live on Viator; not present in current FareHarbor inventory."
"87311P3","Private Backstage Music Tour of New Orleans with Musician Meet-and-Greets","Nola Detours","SUPPLIER-8/mcq6VF/wbkee27HoTFzw==","ACTIVE","325","","0","","https://www.viator.com/tours/New-Orleans/Backstage-Music-Stops-In-the-Most-Musical-City-on-Earth/d675-87311P3?mcid=42383&pid=P00306962&medium=api&api_version=2.0","viator-only","","","","","Live on Viator; not present in current FareHarbor inventory."
"431386P2","New Orleans Exclusive True Crime Walking Tour","Premiere Experience Tours","SUPPLIER-5oxr/pheUHOzfub2x7SSlA==","ACTIVE","28","","0","","https://www.viator.com/tours/New-Orleans/New-Orleans-Exclusive-True-Crime-Walking-Tour/d675-431386P2?mcid=42383&pid=P00306962&medium=api&api_version=2.0","viator-only","","","","","Live on Viator; not present in current FareHarbor inventory."
"467515P1","Private Cultural Tour: The Krewe of Red Beans","Krewe of Red Beans","SUPPLIER-9BZwxtT1vr7MdDktdKNphg==","ACTIVE","20","5","1","","https://www.viator.com/tours/New-Orleans/Unique-Cultural-Tour-The-Krewe-of-Red-Beans/d675-467515P1?mcid=42383&pid=P00306962&medium=api&api_version=2.0","viator-only","","","","","Live on Viator; not present in current FareHarbor inventory."
"5618507P2","Private VIP Airport Transfer","Crescent City Coach","SUPPLIER-aCsNzG0zeE6RTuropH7SLA==","ACTIVE","115","","0","","https://www.viator.com/tours/New-Orleans/Luxury-FBO-Transfers-and-Private-Aviation-Ground-Service/d675-5618507P2?mcid=42383&pid=P00306962&medium=api&api_version=2.0","viator-only","","","","","Live on Viator; not present in current FareHarbor inventory."
"117866P605","Private Day Trip from New Orleans to Plantation Country","Welcome Pickups","SUPPLIER-T0BHbIpKsxnL5K5DLELMrQ==","ACTIVE","622.83","","0","","https://www.viator.com/tours/New-Orleans/Private-Day-Tour-from-New-Orleans-to-Plantation-Country/d675-117866P605?mcid=42383&pid=P00306962&medium=api&api_version=2.0","viator-only","","","","","Live on Viator; not present in current FareHarbor inventory."
"350808P1864","New Orleans Airport (MSY) to New Orleans - Arrival Transfer","taxiGo Limo Airport Service","SUPPLIER-7x5WE21jDa5c9d+0m+x9mw==","ACTIVE","63.22","","0","","https://www.viator.com/tours/New-Orleans/New-Orleans-Airport-MSY-to-New-Orleans-Arrival-Transfer/d675-350808P1864?mcid=42383&pid=P00306962&medium=api&api_version=2.0","viator-only","","","","","Live on Viator; not present in current FareHarbor inventory."
"56225P5","New Orleans Ghost Hunt for Teens","French Quartour Kids","SUPPLIER-Q9P4D6J8Wex8I0LeN4gxwA==","ACTIVE","30","","0","","https://www.viator.com/tours/New-Orleans/After-Dark-Teen-Tour/d675-56225P5?mcid=42383&pid=P00306962&medium=api&api_version=2.0","viator-only","","","","","Live on Viator; not present in current FareHarbor inventory."
"42633P2","Introduction to the French Quarter Walking Tour","Storyville Tour Company, LLC","SUPPLIER-SzL3suz9Z+mYeKDDvDDclw==","ACTIVE","20","4.1666665","6","","https://www.viator.com/tours/New-Orleans/Historic-French-Quarter-Tour/d675-42633P2?mcid=42383&pid=P00306962&medium=api&api_version=2.0","viator-only","","","","","Live on Viator; not present in current FareHarbor inventory."
"40380P468","Private Round trip New Orleans Airport MSY or Port - New Orleans","RHOMTRIP","SUPPLIER-XN12YGfFEjJv/of9iTxG6w==","ACTIVE","164.93","","0","","https://www.viator.com/tours/New-Orleans/Departure-Private-Transfer-Kigali-City-to-Kigali-Airport-KGL-by-Sedan-Car/d675-40380P468?mcid=42383&pid=P00306962&medium=api&api_version=2.0","viator-only","","","","","Live on Viator; not present in current FareHarbor inventory."
"35947P416","New Orleans Scavenger Hunt Adventure","Puzzling Adventures","SUPPLIER-P8kTIkGIwZwDP2PgnWqGBg==","ACTIVE","49.99","","0","","https://www.viator.com/tours/New-Orleans/New-Orleans-Scavenger-Hunt-Adventure/d675-35947P416?mcid=42383&pid=P00306962&medium=api&api_version=2.0","viator-only","","","","","Live on Viator; not present in current FareHarbor inventory."
"135145P7","Pork Butt Cabaret: Cajun Pork Tasting Menu & Live Music","Shrimp Boil Cabaret","SUPPLIER-MlgZhNWgeZW4z7cmUKQ0FA==","ACTIVE","109","","0","","https://www.viator.com/tours/New-Orleans/Pork-Butt-Cabaret-Tasting-Menu-and-Live-New-Orleans-Music/d675-135145P7?mcid=42383&pid=P00306962&medium=api&api_version=2.0","viator-only","","","","","Live on Viator; not present in current FareHarbor inventory."
"5713P195","New Orleans Jazz Night Private Tour with Live Musician","Intrepid Urban Adventures - USA","SUPPLIER-HR5/EUMEl2FTKjfmNTvqlw==","ACTIVE","329","5","1","","https://www.viator.com/tours/New-Orleans/New-Orleans-VIP-Jazz-Night-Private-Tour-with-Live-Music-and-Drink/d675-5713P195?mcid=42383&pid=P00306962&medium=api&api_version=2.0","viator-only","","","","","Live on Viator; not present in current FareHarbor inventory."
"469510P40","New Orleans Ghost and True Crime Audio Tour Bundle","Ghost Tour Fun","SUPPLIER-ei5GdeXQgdr3wvAmTL6k+A==","ACTIVE","14","","0","","https://www.viator.com/tours/French-Quarter/New-Orleans-Ghost-and-True-Crime-2-Tour-Bundle/d51107-469510P40?mcid=42383&pid=P00306962&medium=api&api_version=2.0","viator-only","","","","","Live on Viator; not present in current FareHarbor inventory."
"36900P47","New Orleans Favorites Explore Beyond the French Quarter","DTours","SUPPLIER-RLovDrzoBTKhefkCgAPvpw==","ACTIVE","175","","0","","https://www.viator.com/tours/New-Orleans/New-Orleans-Favorites-Explore-Beyond-the-French-Quarter/d675-36900P47?mcid=42383&pid=P00306962&medium=api&api_version=2.0","viator-only","","","","","Live on Viator; not present in current FareHarbor inventory."
"209615P292","Vibrant Vistas: Upper French Quarter Walking Tour","Opatrip.com US LLC – Local Tours in USA","SUPPLIER-zFqQRHouJq396xdYH4usBg==","ACTIVE","330.15","","0","","https://www.viator.com/tours/New-Orleans/Vibrant-Vistas-Upper-French-Quarter-Walking-Tour/d675-209615P292?mcid=42383&pid=P00306962&medium=api&api_version=2.0","viator-only","","","","","Live on Viator; not present in current FareHarbor inventory."
"415875P4","Luxury Airport Transfer Service in the Northshore","Yo-Yo Luxury Rides","SUPPLIER-Ybypet0DPSSmuIzuwyADvw==","ACTIVE","250","","0","","https://www.viator.com/tours/New-Orleans/Luxury-Black-Car-Service-Northshore-MSY-Transfer/d675-415875P4?mcid=42383&pid=P00306962&medium=api&api_version=2.0","viator-only","","","","","Live on Viator; not present in current FareHarbor inventory."
"350808P2979","Private Tour of New Orleans in the French Quarter","taxiGo Limo Airport Service","SUPPLIER-7x5WE21jDa5c9d+0m+x9mw==","ACTIVE","1053.66","","0","","https://www.viator.com/tours/New-Orleans/Private-Tour-New-Orleans-of-the-French-Quarter/d675-350808P2979?mcid=42383&pid=P00306962&medium=api&api_version=2.0","viator-only","","","","","Live on Viator; not present in current FareHarbor inventory."
"70704P16","Highlights of New Orleans City and Destrahan Plantation Tour","Michaelas Private New Orleans Tours","SUPPLIER-vUQ7hVkaVBiGm1+ngXthGw==","ACTIVE","433.33","5","1","","https://www.viator.com/tours/New-Orleans/Historic-New-Orleans-and-Plantation-Tour/d675-70704P16?mcid=42383&pid=P00306962&medium=api&api_version=2.0","viator-only","","","","","Live on Viator; not present in current FareHarbor inventory."
"347147P1","Airport Transfer, Hourly Charter, Point-to-Point","T&A Private Transportation New Orleans Limousine & Shuttle","SUPPLIER-RKH0XDJL9I6HMjrQ12ejKQ==","ACTIVE","350","5","1","","https://www.viator.com/tours/New-Orleans/Airport-Transportation/d675-347147P1?mcid=42383&pid=P00306962&medium=api&api_version=2.0","viator-only","","","","","Live on Viator; not present in current FareHarbor inventory."
"469510P23","New Orleans True Crime Walking Tour (Self-Guided Audio)","Ghost Tour Fun","SUPPLIER-ei5GdeXQgdr3wvAmTL6k+A==","ACTIVE","10","","0","","https://www.viator.com/tours/New-Orleans/New-Orleans-True-Crime-Audio-Tour/d675-469510P23?mcid=42383&pid=P00306962&medium=api&api_version=2.0","viator-only","","","","","Live on Viator; not present in current FareHarbor inventory."
"104204P327","Amazing Scavenger Hunt: French Quarter Adventure","Let's Roam","SUPPLIER-AscZDGexc3QU8Ua2JLXVCw==","ACTIVE","14.99","","0","","https://www.viator.com/tours/New-Orleans/New-Orleans-Scavenger-Hunt-French-Quarter-Adventure/d675-104204P327?mcid=42383&pid=P00306962&medium=api&api_version=2.0","viator-only","","","","","Live on Viator; not present in current FareHarbor inventory."
"226361P4","A Locals' Drink Dat! Cocktail Tour","Leanne Sarco","SUPPLIER-q1X2u3kM9z2BDB+9TbOPkg==","ACTIVE","200","","0","","https://www.viator.com/tours/New-Orleans/A-Locals-Drink-Dat-Cocktail-Tour/d675-226361P4?mcid=42383&pid=P00306962&medium=api&api_version=2.0","viator-only","","","","","Live on Viator; not present in current FareHarbor inventory."
"5594004P4","Walking Tour on the Mississippi","The Real:  New Orleans","SUPPLIER-zP0NgkwguwFthL6SKl8yRw==","ACTIVE","48","","0","","https://www.viator.com/tours/New-Orleans/Currents-of-History-Tragedy-and-Triumph-on-the-Mississippi/d675-5594004P4?mcid=42383&pid=P00306962&medium=api&api_version=2.0","viator-only","","","","","Live on Viator; not present in current FareHarbor inventory."
"5594004P5","Blood and Brick: Macabre Histories of the French Quarter Tour","The Real:  New Orleans","SUPPLIER-zP0NgkwguwFthL6SKl8yRw==","ACTIVE","48","","0","","https://www.viator.com/tours/New-Orleans/Blood-and-Brick-Macabre-Histories-of-the-French-Quarter/d675-5594004P5?mcid=42383&pid=P00306962&medium=api&api_version=2.0","viator-only","","","","","Live on Viator; not present in current FareHarbor inventory."
"107495P2","Private New Orleans City and Cemetery Bus Tour Up to 24 People","VIP City Tours","SUPPLIER-E5vQw867wQhAqQpFhgEMmg==","ACTIVE","850","5","11","","https://www.viator.com/tours/New-Orleans/New-Orleans-Private-City-and-Cemetery-Bus-Tour-Up-to-24-passengers/d675-107495P2?mcid=42383&pid=P00306962&medium=api&api_version=2.0","viator-only","","","","","Live on Viator; not present in current FareHarbor inventory."
"49992P11","Private New Orleans Haunted Tour with Bar Stops","Unique NOLA","SUPPLIER-yeL4oePg1WmcZId9AOTguw==","ACTIVE","650","","0","","https://www.viator.com/tours/New-Orleans/Private-New-Orleans-Haunted-Tour-with-Bar-Stops/d675-49992P11?mcid=42383&pid=P00306962&medium=api&api_version=2.0","viator-only","","","","","Live on Viator; not present in current FareHarbor inventory."
"85439P1445","Private Transfer: New Orleans to Louis Armstrong Airport MSY in Business Car","PROFI DRIVER","SUPPLIER-/mmbTtOyxt6xnnxJjzbrAw==","ACTIVE","110.05","","0","","https://www.viator.com/tours/New-Orleans/Private-Transfer-from-New-Orleans-to-L-Armstrong-Airport-MSY-in-Business-Car/d675-85439P1445?mcid=42383&pid=P00306962&medium=api&api_version=2.0","viator-only","","","","","Live on Viator; not present in current FareHarbor inventory."
"49992P12","Private Local's Guide to the French Quarter Tour","Unique NOLA","SUPPLIER-yeL4oePg1WmcZId9AOTguw==","ACTIVE","650","5","3","","https://www.viator.com/tours/New-Orleans/Private-Locals-Guide-to-the-French-Quarter-Tour/d675-49992P12?mcid=42383&pid=P00306962&medium=api&api_version=2.0","viator-only","","","","","Live on Viator; not present in current FareHarbor inventory."
"209615P297","Mystique of the Lower French Quarter","Opatrip.com US LLC – Local Tours in USA","SUPPLIER-zFqQRHouJq396xdYH4usBg==","ACTIVE","324.29","","0","","https://www.viator.com/tours/New-Orleans/Mystique-of-the-Lower-French-Quarter/d675-209615P297?mcid=42383&pid=P00306962&medium=api&api_version=2.0","viator-only","","","","","Live on Viator; not present in current FareHarbor inventory."
"126578P11","Oak Alley Private Tour","CRESCENT CITY TOURS & TRANSPORTATION","SUPPLIER-ilr8RSd3kTRWaxU31m2p7Q==","ACTIVE","1199","","0","","https://www.viator.com/tours/New-Orleans/OAK-ALLEY-PRIVATE-TOUR-WITH-LUNCH/d675-126578P11?mcid=42383&pid=P00306962&medium=api&api_version=2.0","viator-only","","","","","Live on Viator; not present in current FareHarbor inventory."
"13179P4","One-Way Private New Orleans Arrival or Departure Transfer","Alert transportation llc","SUPPLIER-/2RTuUvUfkfoIySgh1/Ngg==","ACTIVE","200","","0","","https://www.viator.com/tours/New-Orleans/New-Orleans-Airport-or-Hotel-Transfer-by-SUV/d675-13179P4?mcid=42383&pid=P00306962&medium=api&api_version=2.0","viator-only","","","","","Live on Viator; not present in current FareHarbor inventory."
"5693964P4","Private New Orleans Absinthe History and Distillery Tour","Local Liaison","SUPPLIER-h7gu13RSdyk6f/j7xqKGTA==","ACTIVE","465","","0","","https://www.viator.com/tours/New-Orleans/Private-New-Orleans-Absinthe-History-and-Distillery-Tour/d675-5693964P4?mcid=42383&pid=P00306962&medium=api&api_version=2.0","viator-only","","","","","Live on Viator; not present in current FareHarbor inventory."
"21752P10","Nola VIP Card","Taste of Nawlins Culinary History Tour","SUPPLIER-obN5bzQDuW5TKqyUC4kzwQ==","ACTIVE","11.99","","0","","https://www.viator.com/tours/French-Quarter/Nola-VIP-Card/d51107-21752P10?mcid=42383&pid=P00306962&medium=api&api_version=2.0","viator-only","","","","","Live on Viator; not present in current FareHarbor inventory."